"_id","str_name","str_city_id","str_type","str_gps","str_google_name"
"3","Маркуса","1","ул.","43,030988 44,684106 43,033059 44,6838 43,043292 44,681193 ",""
"4","Ген.Доватора","1","пр-т.","43,046138 44,640734 43,014454 44,662514 43,013089 44,663136 ","Генерала Доватора"
"5","А.Кесаева","1","ул.","43,052944 44,640198 43,039379 44,621444 ","Астана Кесаева"
"6","Весенняя","1","ул.","43,049416 44,620113 43,035898 44,638181 ",""
"7","Владикавказская","1","ул.","43,058572 44,618547 43,042484 44,640284 ",""
"8","Гагкаева","1","ул.","43,054135 44,624298 43,049416 44,62007 ",""
"9","Ген.Дзусова","1","ул.","43,055437 44,634447 43,047314 44,623053 ","Генерала Дзусова"
"10","Калинина","1","ул.","43,044115 44,658523 43,03916 44,645283 43,038768 44,644575 43,036478 44,641507 43,035788 44,638438 ",""
"11","Международная","1","ул.","43,055437 44,634576 43,052175 44,638975 ",""
"12","Морских пехотинцев","1","ул.","43,042908 44,639339 43,035302 44,628739 ",""
"13","Московская","1","ул.","43,008884 44,650562 43,012273 44,650218 43,014015 44,649661 43,020933 44,645863 43,038627 43,038627 43,040352 44,640627 43,046609 44,640691 43,054292 44,640563 43,058055 44,644382 43,05818 44,645197 43,058447 44,655969 43,0584 44,659853 ",""
"14","Цоколаева","1","ул.","43,046562 44,640133 43,037152 44,627109 ",""
"15","Коста","1","пр-т.","43,057083 44,643438 43,051909 44,653759 43,051485 44,654188 43,019349 44,674337 43,018831 44,674873 43,017356 44,67571 43,016729 44,675882 42,98032 44,674809 ",""
"16","Галковского","1","ул.","43,051384 44,645208 43,045637 44,645519 43,045503 44,645659 43,044766 44,646217 43,043386 44,647053 43,040681 44,649092 43,040171 44,648813 43,038344 44,650186 43,03738 44,650755 43,03727 44,65083 43,033239 44,65362 43,032392 44,654328 43,027961 44,657342 ",""
"17","Ген.Хетагурова","1","ул.","43,042312 44,644672 43,027302 44,655304 ","Генерала Хетагурова"
"18","Гугкаева","1","ул.","43,05158 44,653416 43,051407 44,640777 ",""
"19","Дигорская","1","ул.","43,042524 44,652686 43,040524 44,64745 43,040156 44,646367 ",""
"20","З.Калоева","1","ул.","43,011834 44,67483 43,013214 44,674026 43,013293 44,673999 43,014466 44,673409 43,018054 44,671285 43,019184 44,670555 43,022086 44,668828 43,022741 44,668452 43,02953 44,664364 43,031616 44,662943 43,033349 44,661854 43,033427 44,661816 43,035776 44,66018 43,042743 44,65562 43,042998 44,655395 43,04308 43,04308 43,043888 44,654446 43,044707 44,653882 43,045213 44,65363 43,051568 44,653459 ","Калоева"
"21","З.Космодемьянской","1","ул.","43,047644 43,047644 43,045993 44,653925 43,045993 44,6537 43,045864 44,65355 43,045813 44,653448 43,045778 44,652632 43,045762 44,651522 43,045758 44,650481 43,045746 44,650235 43,04568 44,648314 43,045609 44,64818 43,045182 44,647102 43,044794 44,646217 43,044206 44,644688 ","Зои Космодемьянской"
"22","Земнухова","1","ул.","43,045805 44,652675 43,048377 44,652691 43,050012 44,652659 43,051521 44,652573 ",""
"23","К.Кесаева","1","ул.","43,033137 44,66746 43,044523 44,659992 43,044841 44,659907 43,045511 44,65974 43,047863 44,658576 43,047969 44,658571 43,05163 44,658415 ",""
"25","Костанаева","1","ул.","43,051493 44,649151 43,045738 44,649323 43,041763 44,652123 43,041642 44,652531 43,03876 44,654403 43,036415 44,656157 43,034737 44,657321 43,028965 44,661307 ",""
"26","Краснодонская","1","ул.","43,048443 44,653507 43,048263 44,645444 ",""
"27","Л.Шевцовой","1","ул.","43,045778 44,651576 43,048381 44,65157 43,051529 44,651468 ","Любови Шевцовой"
"28","Леваневского","1","ул.","43,054806 44,64767 43,051505 44,647804 43,05 44,647912 43,048342 44,647901 43,045723 44,648062 43,045613 44,648116 43,04183 44,650707 43,041226 44,651297 43,03934 44,652472 43,035937 44,654977 43,03596 44,655132 43,028675 44,660186 ",""
"29","Левченко","1","ул.","43,051446 44,646635 43,045809 44,646834 43,045703 44,646855 43,043696 44,648191 43,043672 44,64826 43,041006 44,650154 43,04065 44,649864 43,03785 44,651989 43,035419 44,653566 43,033717 44,654762 43,032788 44,655502 43,031388 44,656355 43,029294 44,657922 43,028247 44,658651 ",""
"30","Леонова","1","ул.","43,051685 44,656066 43,062037 44,655787 43,062264 44,655749 43,062476 44,655663 43,063401 44,655116 ",""
"31","Малиева","1","ул.","43,041975 44,643508 43,04368 44,648228 43,044053 44,649135 43,044409 44,650229 43,044766 44,651136 ",""
"32","Талалихина","1","ул.","43,049964 44,64538 43,049996 44,648051 43,049984 44,649237 43,050047 44,653464 ",""
"33","Чехова","1","ул.","43,071188 44,669487 43,068594 44,668152 ",""
"34","Щорса","1","ул.","43,0276 44,656388 43,044194 44,644693 ",""
"35","Беслановское","1","ш.","43,112967 44,611187 43,135144 44,593291 43,145133 44,58915 43,147317 44,586226 ",""
"36","Автобусный","1","пер.","43,063205 44,662884 43,062833 44,662927 43,062754 44,663098 43,059341 44,663694 43,058964 44,663758 43,058714 44,663984 43,058474 44,664 ",""
"37","Даргавский","1","пер.","43,067555 44,666451 43,067669 44,66349 43,067653 44,663431 ",""
"38","Левитана","1","пер.","43,066435 44,668162 43,067081 44,668468 43,067602 44,666516 ",""
"39","Невский","1","пер.","43,060336 44,665421 43,060172 44,663587 ",""
"40","Шевченко","1","пер.","43,068304 44,669015 43,06774 44,668736 43,068245 44,666757 ",""
"41","8-го Марта","1","ул.","43,066964 44,676198 43,061798 44,673548 ","8 Марта"
"42","Бзарова","1","ул.","43,070589 44,667905 43,070788 44,660609 ",""
"43","Гвардейская","1","ул.","43,062076 44,672433 43,061536 44,674332 43,061438 44,674498 43,06074 44,675061 43,06054 44,675136 43,05976 44,67519 43,058584 44,675115 43,054653 44,675367 43,049196 44,67549 43,047918 44,675528 43,048741 44,675217 43,049008 44,675383 43,049169 44,675474 ",""
"44","Д.Донского","1","ул.","43,064851 44,668656 43,065655 44,665716 43,065592 44,664729 ","Д. Донского"
"45","К.Маркса","1","ул.","43,019851 44,677024 43,028745 44,671504 43,032451 44,669284 43,033529 44,668688 43,037219 44,666183 43,037689 44,665765 43,041853 44,663002 43,043327 44,661843 ",""
"46","Иристонская","1","ул.","43,085737 44,646807 43,082124 44,651645 43,0806 44,653249 43,07964 44,654038 43,069107 43,069107 43,064984 44,66423 43,062413 44,665014 43,058651 44,6657 43,058239 44,665765 43,046523 44,667884 ",""
"47","Керменистов","1","ул.","43,063777 44,677298 43,061014 44,675984 ",""
"48","Корнеева","1","ул.","43,06074 44,678639 43,060736 44,676134 ",""
"49","Котовского","1","ул.","43,061802 44,667063 43,062394 44,665062 ",""
"50","Крупской","1","ул.","43,064236 44,668318 43,064855 44,665985 43,064945 44,664295 ",""
"51","Крылова","1","ул.","43,070581 44,670485 43,068276 44,669251 ",""
"52","Малгобекская","1","ул.","43,070596 44,666859 43,068954 44,666784 ",""
"53","Матросова","1","ул.","43,066211 44,670609 43,069577 44,672352 ",""
"54","Металлургов","1","ул.","43,065886 44,676976 43,061998 44,675061 ",""
"55","Мичурина","1","ул.","43,066705 44,674777 43,0689 44,667009 43,068939 44,666784 43,069076 44,661849 ",""
"56","Моздокская","1","ул.","43,07062 44,665968 43,068998 44,665888 ",""
"57","Нартовская","1","ул.","43,05974 44,675217 43,059764 44,676075 43,060736 44,676113 43,060846 44,676037 43,060991 44,675973 43,061974 44,675066 43,062088 44,674804 43,062359 44,673838 ",""
"58","Нахимова","1","ул.","43,06895 44,67321 43,065933 44,671644 ",""
"59","Николаева","1","ул.","43,070122 44,671531 43,061814 44,667095 43,061653 44,667041 43,061508 44,667031 43,054523 44,667267 43,05448 44,667347 43,051862 44,667481 ",""
"60","Остаева","1","ул.","43,071713 44,668447 43,07062 44,667932 43,068974 44,666993 43,067606 44,666489 43,06694 44,66629 ",""
"61","П.Морозова","1","ул.","43,066721 44,663259 43,066889 44,663908 43,06692 44,666285 43,066066 44,669305 43,066489 44,669611 43,065212 44,673983 43,064796 44,673827 43,063589 44,678049 ","Павлика Морозова"
"62","Пожарского","1","ул.","43,059074 44,716431 43,058384 44,659917 ",""
"63","Попова","1","ул.","43,062633 44,672577 43,063797 44,66827 ",""
"64","Садонская","1","ул.","43,069064 44,663233 43,074503 44,663447 ",""
"65","Стаханова","1","ул.","43,062602 44,667476 43,063186 44,66555 43,063213 44,665335 43,063233 44,662412 ",""
"66","Студенческая","1","ул.","43,063393 44,667894 43,06404 44,665663 43,064052 44,665534 43,064063 44,66459 ",""
"67","Тельмана","1","ул.","43,083217 44,680935 43,083061 44,681032 43,080087 44,681579 43,079809 44,681552 43,079597 44,681493 43,059764 44,671268 43,059529 44,671183 43,048412 44,67159 43,048443 44,671585 43,048048 44,671671 43,047244 44,671934 ",""
"68","Ушакова","1","ул.","43,068421 44,67416 43,065615 44,672701 ",""
"69","Хазнидонская","1","ул.","43,065043 44,664976 43,066144 44,664375 43,069421 44,662342 43,070714 44,662364 ",""
"70","Чайковского","1","ул.","43,070651 44,664177 43,069045 44,664112 ",""
"71","Черноморская","1","ул.","",""
"72","Черняховского","1","ул.","43,073771 44,665276 43,069013 44,665019 ",""
"73","Керамический","1","пер.","43,058404 44,662235 43,055907 44,662111 43,055766 44,662256 43,055586 44,662852 43,05555 44,663168 43,055488 44,666253 ",""
"74","Керченский","1","пр-д","",""
"75","Рабочий","1","пер.","43,05301 44,671392 43,05294 44,66747 ",""
"76","Транспортный","1","пер.","43,049251 44,667428 43,049333 44,669815 43,049306 44,669858 43,047075 44,670753 ",""
"77","Революции","1","ул.","43,026769 44,683875 43,028604 44,68365 43,03291 44,682963 43,033451 44,682856 43,035078 44,682566 ",""
"78","Белинского","1","ул.","",""
"79","Бутаева","1","ул.","43,051936 44,67541 43,051893 44,671499 ",""
"80","Глинки","1","ул.","43,051395 44,678205 43,051395 44,679176 43,048667 44,679224 ",""
"81","Дзарахохова","1","ул.","43,048906 44,675238 43,048467 44,672899 43,048412 44,672846 43,048357 44,672862 43,047479 44,67321 ",""
"82","Добролюбова","1","ул.","43,054563 44,672411 43,05274 44,672465 ",""
"83","Минина","1","ул.","44,659917 44,675313 43,054492 44,66651 ",""
"84","Молодежная","1","ул.","43,04971 44,675458 43,049655 44,67159 ",""
"85","Огурцова","1","ул.","43,052477 44,666848 43,052422 44,664354 ",""
"86","Севастопольская","1","ул.","43,054574 44,670657 43,05849 44,670523 ",""
"87","Строительная","1","ул.","",""
"88","Таболова","1","ул.","43,05379 44,671365 43,053735 44,667937 ",""
"89","Цаликова","1","ул.","43,050407 44,673774 43,059748 44,673495 44,673495 44,673452 43,059952 43,059952 43,060062 44,673108 43,06045 44,671606 ",""
"90","Чапаева","1","ул.","43,048659 44,679208 43,047224 44,671885 43,047252 44,671746 43,045182 44,661248 43,044868 44,660132 ",""
"91","Гизельское","1","ш.","43,025279 44,643813 43,025326 44,64369 43,025432 44,643255 43,025502 44,642757 43,02531 44,627919 43,027679 44,605951 43,027883 44,602883 43,028981 44,580781 43,028526 44,578335 43,025588 44,572579 43,024851 44,570417 43,024851 44,568733 43,011367 44,569795 42,999767 44,571319 42,997428 44,57237 42,991512 44,573336 42,990099 44,573228 42,988184 44,572392 42,978687 44,571598 42,974181 44,572413 42,968529 44,570203 42,96564 44,568508 42,962453 44,566448 42,953627 44,562585 42,941172 44,559603 42,938077 44,557779 42,936381 44,557135 42,93481 44,554989 42,934527 44,554024 42,933946 44,552908 42,930411 44,54735 42,929437 44,545805 42,92862 44,544926 42,927975 44,543617 42,927756 44,542501 ",""
"92","Московское","1","ш.","43,036258 44,641399 43,026141 44,644318 43,026008 44,644371 43,025941 44,644409 43,025741 44,644586 43,025639 44,644688 43,025506 44,644763 43,025353 44,644763 43,025235 44,644682 43,025083 44,644634 43,024945 44,644629 43,024777 44,644666 43,022071 44,64546 43,021404 44,645691 43,020835 44,645911 43,019804 44,646399 43,014681 44,649349 43,01385 44,649768 43,013214 44,650015 43,012336 44,650272 43,011645 44,650401 43,009284 44,650562 43,008339 44,650707 42,995325 44,655218 42,994117 44,655862 42,983899 44,666247 42,979865 44,668028 42,976179 44,668307 42,969958 44,666784 42,961228 44,665303 42,958904 44,66526 42,957412 44,665432 42,955433 44,666076 42,954083 44,664874 42,951805 44,663222 42,950879 44,66305 42,949999 44,6626 42,944376 44,658244 42,941973 44,655411 42,939098 44,652536 42,936538 44,644983 42,932422 44,638567 ",""
"93","Мамисонский","1","пер.","43,027467 44,674648 43,026675 44,672722 ",""
"94","Парковый","1","пер.","",""
"95","Школьный","1","пер.","43,02773 44,669107 43,027255 44,667647 ",""
"96","Ардонская","1","ул.","43,042038 44,657997 43,041963 44,657997 43,041481 44,658287 43,040426 44,659 43,040403 44,659081 43,038066 44,660609 43,037137 44,661248 43,035949 44,662085 43,03487 44,662857 43,034035 44,663469 43,032192 44,664681 43,030326 44,665748 43,030126 44,665883 43,018651 44,672846 43,017294 44,673645 43,016168 44,674439 43,013669 44,675817 ",""
"97","Б.Ватаева","1","ул.","43,035843 44,667765 43,034898 44,668747 43,034474 44,669305 43,03427 44,669514 43,03358 44,670185 43,033082 44,670603 43,033023 44,670673 43,033004 44,67078 43,033 44,670898 43,032823 44,670469 43,031435 44,671252 43,027141 44,673811 ","Бибо Ватаева"
"98","Барбашова","1","ул.","43,030667 44,667508 43,030059 44,665738 43,029608 44,664466 43,029079 44,661849 43,028581 44,659885 43,028232 44,658673 43,027886 44,657401 43,027592 44,656414 43,026863 44,654145 43,026235 44,652134 43,02542 44,649725 43,025384 44,649516 43,025459 44,645262 ",""
"99","Бр.Газдановых","1","ул.","43,026502 44,669884 43,025098 44,66555 43,024686 44,664311 43,024353 44,663184 43,02411 44,662498 43,023647 44,661087 ","Братьев Газдановых"
"100","Гагарина","1","ул.","43,028624 44,668581 43,024455 44,656017 43,02429 44,655653 43,022643 44,651066 ",""
"101","Гастелло","1","ул.","43,026384 44,661902 43,010551 44,671354 43,009131 44,671386 43,00806 44,671451 ",""
"102","Гизельская","1","ул.","",""
"103","Гончарова","1","ул.","43,029051 44,661843 43,02673 44,662964 43,020008 44,667084 43,018651 44,667814 43,008076 44,674305 ",""
"105","Кирова","1","ул.","43,037325 44,687641 43,037242 44,687646 43,037152 44,687614 43,035851 44,686734 43,035772 44,686616 43,035709 44,686503 43,035658 44,686353 43,035627 44,686198 43,034729 44,678435 43,034113 44,67527 43,033043 44,671081 43,032471 44,669305 ",""
"106","Коцоева","1","ул.","43,017054 44,679964 43,017831 44,679776 43,017933 44,679825 43,01931 44,679546 43,020412 44,67917 43,020584 44,679095 43,023365 44,677336 43,025279 44,676027 43,025981 44,675603 43,027369 44,674696 43,027671 44,674648 43,029381 44,673597 43,030118 44,673017 43,033074 44,671279 ",""
"107","Кцоева","1","ул.","43,026522 44,666129 43,025133 44,661838 43,024643 44,660502 ",""
"108","Кырджалийская","1","ул.","43,014575 44,657831 43,020125 44,654135 43,019753 44,65296 43,025365 44,649269 ",""
"109","Ларионова","1","ул.","43,029384 44,673564 43,028784 44,671521 43,028498 44,670442 43,02809 44,669128 ",""
"110","Нальчикская","1","ул.","43,025981 44,675576 43,024855 44,672288 43,024518 44,671365 43,024016 44,669632 43,023475 44,668023 43,023086 44,666762 43,02231 44,66444 ",""
"111","Пашковского","1","ул.","43,032271 44,674015 43,032184 44,673983 43,031969 44,673414 43,031698 44,672078 43,031043 44,670131 43,0296 44,666221 ",""
"112","Первомайская","1","ул.","43,019741 44,652987 43,02129 44,657418 43,021474 44,658056 43,02189 44,659263 43,024479 44,667358 ",""
"113","Триандофилова","1","ул.","43,024863 44,672256 43,026588 44,671183 43,030675 44,669219 ",""
"114","Тургеневская","1","ул.","43,051513 44,650326 43,045793 44,650524 43,045425 44,65068 43,045284 44,650825 43,042434 44,652879 43,0421 44,653056 43,042002 44,653502 43,04014 44,654703 43,039113 44,655433 43,036795 44,657171 43,031129 44,661055 43,031063 44,661119 43,030428 44,661307 43,029588 44,661731 43,029443 44,661827 43,029404 44,661924 43,029388 44,662342 43,029357 44,6626 43,029302 44,662841 43,029294 44,662964 43,020419 44,668339 43,019031 44,669064 43,017682 44,669981 43,014124 44,672127 43,012857 44,67276 43,009664 44,674841 ",""
"115","Цейская","1","ул.","43,024118 44,66246 43,026141 44,661178 ",""
"116","Гурциева","1","ул.","43,017309 44,693992 43,015595 44,695001 ",""
"117","Алагирская","1","ул.","43,025279 44,675978 43,023969 44,672341 43,023882 44,672105 43,023824 44,671869 43,023318 44,670137 43,022749 44,668479 ",""
"118","Гадиева","1","ул.","43,017839 44,679755 43,016933 44,676949 43,016697 44,676102 43,016635 44,675957 43,015591 44,672787 43,013579 44,666371 43,013026 44,663007 43,012351 44,659515 43,012336 44,659177 43,012371 44,659005 43,012457 44,658705 43,012493 44,658356 43,012485 44,65812 43,012426 44,657235 43,012375 44,656876 43,01088 44,650508 ",""
"119","Ген.Плиева","1","ул.","43,020561 44,679825 43,020435 44,679181 43,019208 44,674589 43,016921 44,667631 ","Генерала Плиева"
"120","Гикало","1","ул.","43,022141 44,678087 43,020761 44,673607 43,01987 44,670196 43,019427 44,670399 43,01829 44,666778 ",""
"121","Дзержинского","1","ул.","43,019792 44,658839 43,020133 44,664912 43,020129 44,665121 43,020102 44,665303 43,020066 44,66548 43,020019 44,665636 43,019953 44,665716 43,019659 44,665958 43,020823 44,669659 43,021365 44,671215 43,022306 44,674203 43,022671 44,675249 43,023577 44,677856 ",""
"122","Зангиева","1","ул.","43,018674 44,677582 43,014124 44,680485 43,013552 44,680785 43,012595 44,681021 43,010782 44,681847 43,010716 44,681831 43,008127 44,681584 43,00795 44,681745 43,007134 44,681552 43,00662 44,681606 43,004871 44,681515 43,001717 44,681209 ",""
"123","Кубалова","1","ул.","43,024561 44,67645 43,023898 44,674466 43,022694 44,670437 43,022612 44,670271 43,021345 44,666333 43,020961 44,665207 ",""
"124","С.Мамсурова","1","ул.","43,019313 44,679508 43,018066 44,67564 43,018007 44,675517 43,017882 44,675362 43,017803 44,675222 43,015591 44,66842 ","Мамсурова"
"125","Митькина","1","ул.","43,021482 44,678457 43,020443 44,675362 43,020039 44,674015 43,019996 44,673827 43,0196 44,672288 43,019168 44,670609 ",""
"126","Спартака","1","ул.","43,020447 44,675329 43,021784 44,674578 43,023557 44,673479 ",""
"127","Средняя","1","ул.","43,021835 44,677083 43,023016 44,676311 43,0242 44,675485 ",""
"128","Кирпичный","1","пер.","43,010994 44,68748 43,010704 44,68652 ",""
"129","Кобинский","1","пер.","43,013206 44,686434 43,012555 44,684148 ",""
"130","Охотничий","1","пер.","43,011751 44,678258 43,009762 44,679363 43,008382 44,679417 ",""
"131","Тракторный","1","пер.","43,010586 44,672733 43,010061 44,672711 43,009154 44,672787 43,008072 44,672771 ",""
"132","В.Абаева","1","ул.","43,015756 44,683864 43,014595 44,684315 43,010751 44,686482 43,010343 44,686782 43,010249 44,686836 43,010155 44,686852 43,010041 44,686836 43,009378 44,686632 43,009249 44,6866 43,00848 44,686611 43,004769 44,685999 43,001619 44,68572 43,001634 44,685709 ","Васо Абаева"
"133","Бр.Темировых","1","ул.","43,011696 44,681418 43,009959 44,675758 43,009645 44,674863 43,009186 44,673291 43,009127 44,672797 43,008978 44,664686 ","Братьев Темировых"
"134","Газданова","1","ул.","43,014826 44,685624 43,014191 44,683194 ",""
"135","Герцена","1","ул.","43,008495 44,67799 43,00817 44,681563 ",""
"136","Грибоедова","1","ул.","43,008005 44,675603 43,007868 44,665346 ",""
"137","Дарьяльская","1","ул.","43,004824 44,684519 43,004753 44,685967 ",""
"138","Дивизии НКВД","1","ул.","43,016925 44,676944 43,01385 44,678822 43,013144 44,679122 43,011355 44,680216 43,010461 44,680651 ",""
"139","Коблова","1","ул.","43,014222 44,668474 43,010979 44,670303 43,010551 44,670582 43,010221 44,670619 43,008048 44,670662 ",""
"140","Красногвардейская","1","ул.","43,012995 44,662986 43,009621 44,664327 43,005542 44,666591 43,002505 44,669209 43,002234 44,669622 43,00205 44,670115 43,001952 44,670823 43,00183 44,675056 43,001815 44,675533 43,001666 44,684465 43,001587 44,685693 ",""
"141","Ларская","1","ул.","43,014269 44,68034 43,013089 44,676113 43,012889 44,675796 43,012579 44,67445 ",""
"142","Левандовского","1","ул.","43,009464 44,677105 43,011496 44,677271 43,011583 44,67733 43,012567 44,677362 ",""
"143","Малая","1","ул.","43,004067 44,685892 43,004169 44,684728 ",""
"144","Пироговская","1","ул.","43,01261 44,680989 43,011767 44,678264 43,011128 44,675995 ",""
"145","Ш.Руставели","1","ул.","43,016329 44,679058 43,013152 44,669133 ","Шота Руставели"
"146","Серафимовича","1","ул.","43,014983 44,679911 43,013838 44,675887 43,013505 44,674793 43,012853 44,672771 43,011865 44,669874 43,011614 44,668919 43,011606 44,668806 43,011504 44,6685 ",""
"147","Турбинная","1","ул.","43,005396 44,68609 43,005463 44,684674 ",""
"148","Ушинского","1","ул.","43,013548 44,680753 43,013136 44,679143 43,012159 44,675941 43,011033 44,672577 43,010696 44,672685 43,010551 44,670614 ",""
"149","Ч.Баева","1","ул.","43,01938 44,682223 43,018878 44,682357 43,017854 44,682512 43,017537 44,682636 43,01503 44,683092 43,014913 44,683092 43,014764 44,683043 43,014575 44,683006 43,014497 44,683017 43,012826 44,683912 43,01072 44,685527 43,010543 44,685774 43,010453 44,686005 43,010425 44,686182 43,010421 44,686369 43,010421 44,686675 ","Чермена Баева"
"150","Покровский","1","пер.","43,035831 44,675925 43,035427 44,673704 ",""
"151","Павловский","1","пер.","43,035553 44,676096 43,03589 44,677743 ",""
"152","Теречный","1","пер.","43,034321 44,671703 43,034129 44,671644 43,033815 44,670947 43,033815 44,670834 43,033859 44,670727 43,03358 44,670212 ",""
"153","Тимирязевский","1","пер.","43,035035 44,68086 43,036325 44,680592 43,03756 44,680243 ",""
"154","Августовских событий","1","ул.","43,039113 44,674739 43,035847 44,675946 43,035556 44,676064 43,035396 44,676129 43,03438 44,676509 ",""
"155","Ген.Масленникова","1","ул.","43,036686 44,682834 43,036341 44,680608 ","Генерала Масленникова"
"156","Воробьёва","1","ул.","43,038791 44,673393 43,036376 44,674407 ",""
"157","Гоголя","1","ул.","43,039709 44,677191 43,037168 44,67813 ",""
"158","Заводская","1","ул.","43,048271 44,67762 43,042437 44,683478 ",""
"159","Затеречная","1","ул.","43,033949 44,672127 43,034164 44,671966 43,034262 44,671832 43,034353 44,671687 43,034474 44,671429 43,034615 44,670845 43,034643 44,670512 43,034541 44,670169 ",""
"160","Зортова","1","ул.","43,046366 44,667932 43,038728 44,670796 43,038611 44,670877 ",""
"161","Интернациональная","1","ул.","43,047863 44,675539 43,042516 44,677486 43,042383 44,677497 43,037435 44,679412 ",""
"162","Красноармейская","1","ул.","43,039422 44,676011 43,036909 44,676939 ",""
"163","Л.Толстого","1","ул.","43,036094 44,673092 43,038391 44,684154 43,038611 44,684384 43,039328 44,68557 ","Льва Толстого"
"164","Ломоносова","1","ул.","43,037701 44,680635 43,040297 44,679701 ",""
"165","Маркова","1","ул.","43,048059 44,676493 43,043645 44,681219 43,033678 44,691503 ",""
"166","Миллера","1","ул.","43,037007 44,677561 43,033502 44,6788 43,032471 44,67909 43,032412 44,679058 43,031471 44,679331 43,030592 44,679637 43,030561 44,679793 43,029722 44,679932 ",""
"167","Навагинская","1","ул.","43,038615 44,672647 43,036211 44,673564 ",""
"168","Р.Люксембург","1","ул.","43,036082 44,673216 43,033988 44,674675 ","Розы Люксембург"
"169","Ростовская","1","ул.","43,041018 44,681804 43,040904 44,681987 43,033984 44,689159 ",""
"170","Тамаева","1","ул.","43,027098 44,68645 43,028981 44,685988 43,031247 44,685618 43,031259 44,685479 43,033184 44,685355 43,038336 44,684014 43,03838 44,684197 43,033357 44,685597 43,033212 44,685618 43,031302 44,68572 ",""
"171","Титова","1","ул.","43,041524 44,683301 43,040955 44,682083 43,040759 44,68152 43,038446 44,671901 43,038411 44,671569 43,038403 44,671354 43,038442 44,671188 43,038493 44,671038 43,038579 44,670914 ",""
"172","Тогоева","1","ул.","43,036184 44,668398 43,034435 44,670249 43,033451 44,671129 ",""
"173","Торчинова","1","ул.","43,035109 44,676204 43,034713 44,674197 ",""
"174","Чкалова","1","ул.","43,040508 44,667814 43,040846 44,669069 43,04101 44,669874 43,042422 44,677164 43,0425 44,677518 43,043367 44,681257 43,043355 44,681402 43,043327 44,68145 43,04332 44,681536 43,043531 44,682357 ",""
"175","Яшина","1","ул.","43,038423 44,67188 43,036227 44,672749 43,036129 44,672856 43,036101 44,672921 ",""
"176","Беляевский","1","пер.","43,031612 44,678242 43,031373 44,67696 ",""
"177","Свободы","1","пл.","43,024137 44,681729 43,025184 44,681515 ",""
"178","Театральный","1","пер.","43,030506 44,678639 43,03058 44,679766 ",""
"179","Ленина","1","пл.","43,030682 44,680447 43,030282 44,680517 ",""
"180","Мира","1","пр-т.","43,034749 44,679701 43,025208 44,681177 43,024106 44,681171 43,024141 44,681729 43,025188 44,681579 43,034788 44,680045 ",""
"181","Баллаева","1","ул.","43,034392 44,677287 43,032831 44,677915 43,032271 44,678092 43,031341 44,678328 43,029518 44,678929 ",""
"182","Гибизова","1","ул.","43,031322 44,677073 43,030639 44,677373 43,02998 44,677706 43,029318 44,678071 43,02931 44,678194 43,027757 44,67872 ",""
"183","Джанаева","1","ул.","43,036278 44,693273 43,035968 44,693198 43,035803 44,693112 43,035549 44,692898 43,035462 44,692791 43,035321 44,69256 43,035184 44,692286 43,035153 44,691986 43,035156 44,691841 43,035133 44,691718 43,035145 44,691503 43,035106 44,691283 43,03369 44,688569 43,033466 44,687104 43,033376 44,686841 43,032608 44,68042 43,031992 44,67652 ",""
"184","Маяковского","1","ул.","43,0324 44,675496 43,032565 44,676198 43,033584 44,683692 ",""
"185","Некрасова","1","ул.","43,031545 44,680211 43,031326 44,67836 ",""
"186","Никитина","1","ул.","43,03409 44,683548 43,033482 44,678822 43,033019 44,675968 ",""
"187","Огнева","1","ул.","43,034008 44,675324 43,032365 44,676338 43,031349 44,676788 ",""
"188","12-я Линия","1","ул.","43,100074 44,650798 43,105158 44,653105 ","Линия 12-я"
"189","Тхапсаева","1","ул.","43,032608 44,675345 43,032412 44,675469 43,027761 44,677765 ",""
"190","Петровский","1","пер.","43,034396 44,681852 43,034184 44,680152 ",""
"191","Вахтангова","1","пер.","43,03269 44,681182 43,030596 44,681547 ",""
"192","Куйбышева","1","ул.","43,034557 44,733667 43,032757 44,720508 43,032729 44,720036 43,032749 44,719929 43,032812 44,719854 43,036086 44,719312 43,036454 44,719307 43,036317 44,718996 43,036176 44,718744 43,036011 44,718513 43,035729 44,717934 43,035102 44,717086 43,034878 44,716925 43,033294 44,715326 43,033259 44,715241 43,033157 44,715155 43,03287 44,714447 43,032941 44,713862 43,032827 44,713637 43,032118 44,701867 43,032 44,690838 43,031973 44,689963 43,03182 44,688794 43,03058 44,681579 43,030479 44,680753 ",""
"193","Базарный","1","пер.","",""
"194","Бородинская","1","ул.","43,025396 44,687973 43,027204 44,687614 43,027283 44,687925 43,029247 44,687539 43,031396 44,687238 43,031698 44,687297 43,033361 44,686841 ",""
"195","Гостиева","1","ул.","43,030961 44,684111 43,026867 44,684669 ",""
"196","М.Горького","1","ул.","43,027639 44,678156 43,030047 44,69322 43,030228 44,703423 43,030604 44,710359 43,030537 44,710515 43,030596 44,711636 43,03071 44,711829 43,030784 44,713154 ","Максима Горького"
"197","Безымянный","1","пер.","",""
"198","Э.Дзусова","1","ул.","43,101907 44,636936 43,099526 44,647354 43,099463 44,647515 43,098265 44,649017 43,086238 44,653947 ","Эдуарда Дзусова"
"199","Ватутина","1","ул.","43,046672 44,689915 43,041998 44,694142 43,041783 44,694325 43,041559 44,694464 43,041261 44,694609 43,041108 44,694673 43,040955 44,694706 43,04061 44,694716 43,040473 44,694695 43,036462 44,693295 43,036282 44,693311 43,036125 44,693365 43,035878 44,693332 43,035717 44,693268 43,035298 44,692989 43,031984 44,689969 43,021592 44,691669 43,019776 44,691702 ",""
"200","Рамонова","1","ул.","43,033482 44,687088 43,035549 44,686498 ",""
"201","Ботоева","1","ул.","43,028843 44,685168 43,026965 44,685452 43,026969 44,685731 ",""
"202","Бутырина","1","ул.","43,027588 44,690688 43,026428 44,681429 ",""
"203","Мордовцева","1","ул.","43,024133 44,681761 43,023977 44,683526 ",""
"204","Церетели","1","ул.","43,025686 44,691026 43,025204 44,686182 43,025169 44,686026 43,024941 44,685457 43,025169 44,6816 ",""
"205","Иронский","1","пер.","43,019702 44,686364 43,018298 44,686503 ",""
"206","Кольцова","1","ул.","43,016121 44,693048 43,016274 44,686171 43,015819 44,683886 43,015736 44,683017 ",""
"207","Кривой","1","пер.","43,019682 44,685516 43,021118 44,6855 ",""
"208","Штыба","1","пл.","43,020823 44,68255 43,020784 44,681718 ",""
"209","Армянская","1","ул.","43,021572 44,691637 43,021596 44,687587 43,022439 44,686326 43,022486 44,686235 43,022526 44,686117 43,022537 44,686015 43,022541 44,685865 43,022118 44,682249 ",""
"210","Войкова","1","ул.","43,022494 44,686096 43,020333 44,686149 43,020329 44,68734 ",""
"211","Г.Баева","1","ул.","43,02411 44,68174 43,020925 44,682555 43,019466 44,682834 43,016207 44,683671 43,015831 44,683859 ","Гаппо Баева"
"212","Димитрова","1","ул.","43,026635 44,683135 43,022322 44,683671 43,020941 44,683907 43,019576 44,684342 43,018219 44,684551 ",""
"213","К.Хетагурова","1","ул.","43,019396 44,682239 43,019462 44,682845 43,019835 44,687372 43,019796 44,691353 43,019843 44,691557 43,019886 44,691637 43,01991 44,691664 ",""
"214","Кабардинская","1","ул.","43,019451 44,705252 43,019004 44,703863 43,018674 44,703122 43,018266 44,70176 43,017513 44,698466 43,017466 44,698005 43,017443 44,697602 43,017333 44,69639 43,017337 44,692715 43,016956 44,692662 43,017101 44,686739 43,017192 44,685951 43,01718 44,685463 43,017129 44,68527 43,01705 44,68513 43,016925 44,685044 43,015921 44,684277 ",""
"215","Кантемирова","1","ул.","43,021694 44,687405 43,020349 44,687372 43,019812 44,687399 43,015493 44,687415 ",""
"216","Койбаева","1","ул.","43,021557 44,68896 43,014277 44,688912 43,014093 44,688869 43,013944 44,688821 43,013811 44,688789 43,013387 44,688826 ",""
"217","Осетинская","1","ул.","43,023165 44,684443 43,021067 44,684674 43,018372 44,685141 ",""
"218","Павленко","1","ул.","43,01809 44,697447 43,018066 44,697302 43,017992 44,690639 43,018031 44,687399 43,018078 44,687093 43,018258 44,68653 43,018368 44,686251 43,018407 44,686106 43,018423 44,685929 43,018423 44,685768 43,01836 44,685168 43,018098 44,684229 43,017992 44,684089 43,017717 44,683789 43,017478 44,683387 43,017521 44,682646 43,01745 44,682121 ",""
"219","Цаголова","1","ул.","43,024031 44,682732 43,022227 44,682974 43,016121 44,684395 ",""
"220","Штыба","1","ул.","43,021161 44,686096 43,021141 44,685484 43,020831 44,68262 ",""
"221","Молодежный","1","пер.","43,017313 44,694926 43,015834 44,695553 ",""
"222","Виноградная","1","ул.","43,011787 44,692565 43,011637 44,691997 43,009963 44,692308 43,009919 44,692147 43,009735 44,691959 ",""
"224","Комсомольская","1","ул.","43,01099 44,697597 43,011135 44,697474 43,011524 44,697243 43,012171 44,696948 43,012249 44,696894 43,015121 44,69389 43,016537 44,692801 43,016741 44,692726 43,016937 44,692683 43,01798 44,692678 43,018011 44,692646 43,024447 44,692286 ",""
"225","Кутузова","1","ул.","43,021553 44,690564 43,017996 44,690618 43,015462 44,691508 43,012449 44,692329 43,012202 44,692426 43,010916 44,692951 43,009829 44,693284 43,009504 44,693461 43,009402 44,693493 43,009256 44,693504 43,009194 44,693391 43,009194 44,693252 43,009284 44,693161 43,009413 44,693161 43,009606 44,693273 43,009774 44,693289 ",""
"226","Пчеловодная","1","ул.","43,013732 44,692855 43,015474 44,692469 ",""
"227","Спокойная","1","ул.","43,016097 44,695939 43,015815 44,695564 43,015132 44,693917 ",""
"228","Уруймаговой","1","ул.","43,016658 44,69278 43,016686 44,69433 ",""
"229","Шмулевича","1","ул.","43,024435 44,691299 43,024643 44,701175 43,024682 44,701577 43,024702 44,703476 43,024718 44,703605 43,024898 44,703981 43,025286 44,704608 43,027177 44,707993 43,027267 44,708127 43,027435 44,708315 ",""
"230","Эльмесова","1","ул.","43,016082 44,694679 43,016023 44,694394 43,01585 44,693783 43,015587 44,693166 43,015501 44,69249 43,015501 44,692125 ",""
"231","Карцинское","1","ш.","43,040199 44,694614 43,041026 44,700193 43,041085 44,700285 43,04112 44,700687 43,041367 44,711024 43,041395 44,711475 43,042547 44,717917 43,042551 44,718121 43,042571 44,718577 43,042618 44,719173 43,043167 44,721919 ",""
"232","Малый","1","пер.","43,033914 44,697136 43,033968 44,694722 43,033976 44,69462 43,034004 44,694545 43,03409 44,694491 ",""
"233","Осипенко","1","пер.","43,033655 44,691546 43,033157 44,692597 ",""
"234","Ак.Шегрена","1","ул.","43,035819 44,694636 43,035407 44,694507 43,035219 44,694448 43,034623 44,694496 43,034333 44,694475 43,034117 44,694475 43,033937 44,694303 43,033772 44,69418 43,033447 44,693831 43,033337 44,693702 43,033012 44,693263 43,032949 44,693161 43,032894 44,693096 43,032831 44,693102 43,032745 44,69315 43,02931 44,693305 43,028961 44,693413 43,027914 44,693574 ","Академика Шегрена"
"235","Борукаева","1","ул.","43,02989 44,692179 43,027828 44,692769 ",""
"236","Бр.Щукиных","1","ул.","43,033192 44,706995 43,033004 44,701728 43,032847 44,700783 43,032757 44,697163 ","Братьев Щукиных"
"237","Лермонтовская","1","ул.","43,032067 44,695033 43,033933 44,695065 ",""
"238","Нагорная","1","ул.","43,026608 44,689642 43,026373 44,687807 ",""
"239","Неведомского","1","ул.","43,031988 44,691514 43,029851 44,691723 ",""
"240","С.Разина","1","ул.","43,034788 44,680039 43,025224 44,681525 43,024149 44,681708 43,02411 44,681171 43,025184 44,681182 43,034749 44,679701 ","Степана Разина"
"241","Светлая","1","ул.","43,033298 44,696782 43,03329 44,695097 ",""
"242","Серова","1","ул.","43,034608 44,69447 43,034584 44,693815 43,034635 44,692399 ",""
"243","Трубецкого","1","ул.","43,031067 44,695172 43,031114 44,697168 ",""
"244","Фрунзе","1","ул.","43,0318 44,688783 43,029522 44,689207 43,027459 44,68947 ",""
"245","Щербакова","1","ул.","43,032808 44,692109 43,033702 44,693429 43,033961 44,693724 43,034235 44,693896 43,034517 44,693933 43,035494 44,693702 43,036015 44,69381 43,036176 44,69374 43,036266 44,693563 43,036309 44,693327 43,036427 44,693268 43,037521 44,692174 43,037587 44,692077 43,037717 44,691632 43,037713 44,691482 43,037686 44,691358 ",""
"246","Восточный","1","пер.","43,032184 44,702522 43,03476 44,70221 43,034831 44,701079 ",""
"247","Бакинская","1","ул.","43,028377 44,701964 43,028314 44,700644 43,028271 44,697313 ",""
"248","Баракова","1","ул.","43,034768 44,69978 43,034725 44,699705 43,034698 44,699625 43,034686 44,699571 43,034659 44,698466 43,034662 44,697254 ",""
"249","Батумская","1","ул.","43,026471 44,700708 43,026432 44,697415 ",""
"250","Бр.Габайраевых","1","ул.","43,028283 44,699861 43,024628 44,699941 ","Братьев Габайраевых"
"251","Годовикова","1","ул.","43,033047 44,703482 43,030271 44,703911 43,030231 44,703938 43,028996 44,704099 ",""
"252","Грузинская","1","ул.","43,036446 44,698788 43,032796 44,698048 ",""
"253","Гудованцева","1","ул.","43,033086 44,704721 43,030329 44,705096 43,027749 44,705569 ",""
"254","Декабристов","1","ул.","43,036407 44,699743 43,034659 44,699582 43,0328 44,699121 43,032106 44,699035 43,032082 44,699233 43,030196 44,699276 43,030157 44,699056 43,027384 44,69911 43,024604 44,699281 43,024577 44,699217 43,021314 44,69941 ",""
"255","Дербентская","1","ул.","43,027353 44,697372 43,027396 44,699866 ",""
"256","З.Магкаева","1","ул.","43,041014 44,705129 43,038901 44,705418 43,038329 44,705606 43,037917 44,705783 43,037576 44,705971 43,0354 44,707269 43,034968 44,707457 43,034345 44,707618 43,033655 44,70773 43,032086 44,707768 43,031439 44,707902 43,027883 44,708476 43,027741 44,708444 43,027451 44,708326 ","Зураба Магкаева"
"257","Народов Востока","1","ул.","43,032094 44,700558 43,02833 44,700633 ",""
"258","Пионеров","1","ул.","43,032114 44,701899 43,028392 44,70198 ",""
"259","Побежимова","1","ул.","43,033137 44,705966 43,027816 44,706797 ",""
"260","Пушкинская","1","ул.","43,040732 44,698498 43,034388 44,697189 43,032761 44,697125 43,018243 44,697597 43,018156 44,697554 43,018086 44,697458 43,017458 44,697576 ",""
"261","Садовая","1","ул.","43,036411 44,701175 43,036407 44,69985 43,036443 44,699754 43,036478 44,69948 43,036407 44,697602 ",""
"262","Сады Шалдона","1","ул.","43,040971 44,700226 43,036501 44,699249 ",""
"263","11-я Линия","1","ул.","43,107524 44,652815 43,099706 44,649419 43,099565 44,64928 43,097415 44,645922 43,097301 44,64568 43,097183 44,64553 43,092929 44,641228 43,091472 44,639211 ","Линия 11-я"
"264","Седова","1","ул.","43,032882 44,700934 43,034584 44,700006 43,034776 44,699791 43,035039 44,699662 ",""
"265","Солнечная","1","ул.","43,027726 44,705547 43,027577 44,705343 43,027326 44,705451 43,027208 44,705247 43,027059 44,704903 43,026424 44,702446 43,026126 44,701009 43,026134 44,700816 ",""
"266","Соляный","1","пер.","43,02409 44,68115 43,024102 44,679798 43,024357 44,679798 ",""
"267","Карджинский","1","пер.","",""
"268","Рыночный","1","пер.","",""
"269","Тихий","1","пер.","",""
"270","Победы","1","пл.","43,042045 44,658002 43,042104 44,658061 43,042681 44,659697 ",""
"271","Бритаева","1","ул.","43,041461 44,658281 43,039332 44,652514 43,038838 44,651281 43,038423 44,650154 43,038015 44,649135 43,037258 44,647021 ",""
"272","Весёлая","1","ул.","43,036243 44,662991 43,035356 44,660497 43,035737 44,660175 43,035396 44,65922 43,035055 44,658399 43,034266 44,656307 43,033729 44,654768 43,033306 44,65362 ",""
"273","Зелёная","1","ул.","43,034055 44,659032 43,033267 44,657004 43,032769 44,655486 43,032008 44,65333 43,031173 44,651275 ",""
"275","Кольбуса","1","ул.","43,041865 44,662964 43,041551 44,662154 43,041489 44,662026 43,041089 44,660963 43,039858 44,657519 43,039493 44,65643 43,036196 44,647772 ",""
"276","Ногирская","1","ул.","43,031392 44,662047 43,035376 44,659204 43,037117 44,658115 43,040505 44,655696 43,042363 44,654467 ",""
"277","Островского","1","ул.","43,036635 44,669241 43,036196 44,668398 43,03596 44,667878 43,035866 44,667755 43,035756 44,667669 43,035631 44,66761 43,035529 44,667524 43,035466 44,667433 43,035439 44,667395 43,034635 44,665105 43,034568 44,664944 43,034023 44,66349 43,033949 44,663324 43,033396 44,661838 43,033047 44,660899 43,032318 44,658968 43,031918 44,657954 43,0318 44,657654 43,03138 44,656393 43,030965 44,655299 43,030561 44,654365 43,030267 44,653518 43,030204 44,653324 43,029788 44,652268 ",""
"278","Слесаревская","1","ул.","43,0427 44,65974 43,042779 44,659891 43,043104 44,660899 43,043339 44,661822 ",""
"279","Таутиева","1","ул.","43,033866 44,669852 43,033898 44,669729 43,03389 44,669665 43,033855 44,669525 43,032702 44,666365 43,032667 44,666119 43,03218 44,664708 43,032157 44,664499 43,031675 44,662943 43,031051 44,661146 43,030188 44,660427 43,029714 44,659081 43,028847 44,656752 43,028455 44,655797 43,027679 44,653716 ",""
"280","Х.Мамсурова","1","ул.","43,031435 44,642805 43,033784 44,649081 43,033878 44,649408 43,033902 44,649526 43,036768 44,657128 43,038744 44,662524 43,039489 44,664391 ","Мамсурова Хаджи"
"281","Кожевенный","1","пер.","",""
"282","Н.Зубковой","1","пер.","",""
"283","Партизанский","1","пер.","43,047283 44,677277 43,046962 44,675866 ",""
"284","Пугачёва","1","пер.","",""
"285","Слободской","1","пер.","43,042884 44,666526 43,042626 44,666623 43,042453 44,666741 43,042296 44,66702 43,042249 44,667224 43,042241 44,667358 43,04243 44,668146 43,042637 44,669268 ",""
"286","Агкацева","1","ул.","",""
"287","Беслановская","1","ул.","43,046934 44,67078 43,041571 44,672652 ",""
"288","Герасимова","1","ул.","43,046793 44,670056 43,041422 44,671928 ",""
"289","К.Кулова","1","ул.","",""
"290","Камалова","1","ул.","43,046632 44,669219 43,041281 44,671226 ",""
"292","О.Кошевого","1","ул.","43,045989 44,680978 43,04586 44,680731 43,045629 44,680195 43,042539 44,664783 43,042453 44,664461 43,042339 44,664177 ","Олега Коневого"
"293","Серобабова","1","ул.","43,048667 44,674069 43,044617 44,675549 43,042281 44,6763 ",""
"294","Суворовская","1","ул.","43,042041 44,675093 43,044382 44,674273 43,04744 44,673167 ",""
"295","Ленина","1","ул.","43,034988 44,681793 43,026683 44,683124 ",""
"296","Советов","21","ул.","",""
"298","Грозненская","1","ул.","43,047165 44,698831 43,047095 44,689915 ",""
"299","6-я Промышленная","1","ул.","43,07495 44,695065 43,075071 44,679245 ","Промышленная 6-я"
"300","Станиславского","1","пер.","43,029718 44,680447 43,02969 44,679937 43,029502 44,678966 43,029082 44,677191 ",""
"301","Черменское","1","ш.","43,046711 44,689904 43,046926 44,689862 43,047075 44,689862 43,128003 44,705687 ",""
"304","Архонское","1","ш.","43,057475 44,642558 43,094747 44,565911 ",""
"305","7-я Промышленная","1","ул.","43,078614 44,681026 43,078516 44,681257 43,078477 44,681692 43,078931 44,682287 43,079025 44,682534 43,079064 44,682786 43,079021 44,688842 ","Промышленная 7-я"
"306","5-я Промышленная","1","ул.","43,075005 44,681112 43,073465 44,681252 43,072246 44,681649 43,072375 44,694555 ","Промышленная 5-я"
"307","Железнодорожный","1","пер.","43,036768 44,69101 43,035356 44,692544 ",""
"312","Зильгинская","1","ул.","43,065443 44,668983 43,066262 44,666044 43,066203 44,664525 43,066156 44,664402 ",""
"314","Холодный","1","пер.","43,071459 44,677352 43,073132 44,671097 ",""
"315","Трассовая","1","ул.","43,086712 44,645562 43,086544 44,645927 43,086383 44,646817 43,086356 44,647188 43,086097 44,649773 43,086113 44,652171 43,086003 44,656527 43,085878 44,658158 43,08585 44,658351 43,085752 44,6587 43,085592 44,659011 43,08355 44,662138 43,083413 44,662508 43,083355 44,662852 43,083323 44,663184 43,08319 44,675828 43,083378 44,680549 43,083315 44,68079 43,083214 44,68093 43,083229 44,680903 ",""
"316","1-я Промышленная","1","ул.","43,061567 44,680023 43,061238 44,680849 43,061245 44,680978 43,06163 44,6816 43,061779 44,681987 43,061826 44,682416 43,061912 44,705751 43,060548 44,705815 ","Промышленная 1-я"
"317","2-я Промышленная","1","ул.","","Промышленная 2-я"
"318","3-я Промышленная","1","ул.","43,065517 44,68483 43,065717 44,68609 43,065776 44,686992 43,065709 44,693289 ","Промышленная 3-я"
"319","4-я Промышленная","1","ул.","43,068649 44,686101 43,068445 44,686756 43,068555 44,693837 ","Промышленная 4-я"
"321","Карабулакская","1","ул.","43,043688 44,692656 43,043778 44,703916 ",""
"322","Ставропольская","1","ул.","43,050121 44,690527 43,050153 44,70081 ",""
"323","Неизвестного Солдата","1","ул.","43,050133 44,700837 43,04751 44,700446 43,041136 44,700236 ",""
"324","А. Фадзаева","25","ул.","",""
"325","Ленина","26","ул.","",""
"327","Пашковского","27","ул.","",""
"328","Дзарахохова","28","ул.","",""
"329","Алагирская","20","ул.","",""
"330","Кирова","29","ул.","",""
"331","Интернациональная","30","ул.","",""
"332","Мира","29","ул.","",""
"333","К.Маркса","31","ул.","",""
"334","Ген.Плиева","28","ул.","",""
"335","Комсомольская","21","ул.","",""
"336","Вахтангова","1","ул.","",""
"337","Беслановское","32","ш.","",""
"338","Мира","33","ул.","",""
"339","А.Агузарова","20","ул.","",""
"340","Достоевского","29","ул.","",""
"341","Коминтерна","28","ул.","",""
"342","Дружбы","35","ул.","",""
"343","Садовая","29","ул.","",""
"344","Кирова","2","ул.","",""
"345","Ленина","25","ул.","",""
"346","В.Акоева","36","ул.","",""
"347","Гайтова","21","ул.","",""
"348","К.Маркса","20","ул.","",""
"349","Совхозная","37","ул.","",""
"350","Мира","28","ул.","",""
"351","Бр.Слановых","30","ул.","",""
"352","Щорса","28","ул.","",""
"353","Торговая","29","ул.","",""
"354","Ген.Карсанова","2","ул.","",""
"355","Ген.Макоева","25","ул.","",""
"356","К.Маркса","36","ул.","",""
"357","Ленина","21","ул.","",""
"358","Сталина","21","ул.","",""
"359","Сталина","20","ул.","",""
"360","Сталина","36","ул.","",""
"361","50-ти лет Октября","29","ул.","",""
"362","Зортова","2","ул.","",""
"363","Кооперативная","38","ул.","",""
"364","Ю.Кучиева","35","ул.","",""
"365","Гагарина","30","ул.","",""
"366","Пирогова","28","ул.","",""
"367","Окрябрьская","20","ул.","",""
"368","Ч.Басиевой","20","ул.","",""
"369","Победы","28","ул.","",""
"370","Ф.Ярового","32","ул.","",""
"371","Сигова","28","ул.","",""
"372","П.Тедеева","30","ул.","",""
"373","Арсагова","25","ул.","",""
"374","Комсомольская","20","ул.","",""
"375","Чкалова","29","ул.","",""
"376","Титова","21","ул.","",""
"377","Набережная","28","ул.","",""
"378","Григоряна","38","ул.","",""
"379","Дружбы","30","ул.","",""
"380","Салатова","1","ул.","43,025537 44,700724 43,025502 44,697425 ",""
"381","Защитников Осетии","1","ул.","42,997574 44,685768 42,989962 44,685822 42,989161 44,685892 42,98736 44,686337 42,985979 44,686407 42,984503 44,686326 42,983295 44,686493 42,981913 44,686643 42,980332 44,688279 42,980018 44,688376 42,979064 44,688145 42,974621 44,685189 ",""
"382","Почтовая","1","ул.","42,975751 44,690162 42,975822 44,689808 42,975861 44,689186 42,975901 44,689046 42,976034 44,688778 42,976199 44,688488 42,976992 44,686793 ",""
"383","Речная","1","ул.","42,977596 44,687195 42,976175 44,69036 ",""
"385","Гэсовская","1","ул.","42,978255 44,687635 42,976756 44,690902 ",""
"386","Коммунаров","1","ул.","42,98021 44,691637 42,980171 44,691122 42,980292 44,689695 42,980296 44,689159 42,980328 44,688853 42,980402 44,688558 42,980324 44,688317 ",""
"387","Детсадовская","1","ул.","42,980273 44,689969 42,980386 44,690065 42,980638 44,690065 42,981901 44,690205 42,982243 44,690275 42,982973 44,690135 42,985963 44,68969 42,986253 44,689636 ",""
"388","Курортная","1","ул.","42,982251 44,689658 42,982808 44,689604 42,985885 44,6891 42,989212 44,688596 ",""
"389","Длинно-Долинская","1","ул.","42,992712 44,687115 42,992371 44,687598 42,991621 44,687587 42,991308 44,687464 42,991194 44,687549 42,989295 44,687507 42,986128 44,688005 42,985818 44,688097 42,985469 44,688123 42,985096 44,688236 42,980422 44,688558 ",""
"390","Ключевая","1","ул.","42,982286 44,692238 42,982266 44,692141 42,982243 44,691911 42,98227 44,69139 42,982337 44,690881 42,982329 44,69072 42,982286 44,690516 42,982078 44,686654 ",""
"391","Крымская","1","ул.","42,982749 44,688402 42,982631 44,686562 42,982588 44,685554 ",""
"392","Сибирская","1","ул.","42,983954 44,691278 42,983946 44,690012 42,983907 44,689432 42,983867 44,688402 42,984044 44,688327 42,983922 44,686428 ",""
"393","Свердловская","1","ул.","42,983404 44,68837 42,983204 44,685409 ",""
"394","Шоссейная","1","ул.","42,984684 44,688268 42,984578 44,686487 42,984586 44,686364 ",""
"395","Спортивная","1","ул.","42,985457 44,688102 42,985343 44,686396 ",""
"396","Ковровая","1","ул.","42,986112 44,687989 42,985971 44,686428 ",""
"397","Уфимская","1","ул.","42,986689 44,687904 42,986595 44,686418 ",""
"398","Кисловодская","1","ул.","42,987348 44,687796 42,987223 44,686375 ",""
"399","Ягодная","1","ул.","42,987874 44,686262 42,987984 44,687694 ",""
"400","Пограничная","1","ул.","42,989157 44,685908 42,989279 44,687474 ",""
"401","Сельская","1","ул.","42,988627 44,687608 42,988506 44,68609 ",""
"402","Курганная","1","ул.","42,989993 44,687442 42,989938 44,685849 ",""
"403","Дачная","1","ул.","42,990668 44,687458 42,990644 44,685865 ",""
"404","Загородная","1","ул.","42,991308 44,687437 42,991253 44,685838 ",""
"405","Оружейная","1","ул.","42,991563 44,687539 42,992096 44,686385 ",""
"407","Черменский","1","пр-д","43,044578 44,683735 43,044088 44,682958 43,0433 44,683773 43,043186 44,683939 43,043135 44,684089 43,043092 44,684567 43,043084 44,685087 43,043135 44,685506 43,043425 44,686241 43,043323 44,686552 43,043657 44,687335 43,043931 44,688193 43,044194 44,688773 ",""
"408","Кадгаронский","1","пер.","43,044625 44,683757 43,045985 44,682292 43,046193 44,682003 43,046225 44,681863 43,046111 44,681284 43,046036 44,681053 ",""
"410","Курская","1","ул.","43,045997 44,676107 43,044939 44,670753 43,04479 44,669927 43,043935 44,666194 ",""
"411","Уличный","1","пр-д","43,016086 44,668071 43,015026 44,664536 43,014509 44,662455 43,015183 44,66179 43,014575 44,657863 ",""
"412","Сталина","25","ул.","",""
"413","Кирова","36","ул.","",""
"414","Абаева","36","ул.","",""
"415","К.Хетагурова","20","ул.","",""
"416","Владикавказская","38","ул.","",""
"417","Кооперативный","28","пер.","43,034988 44,681793 43,026683 44,683124 ",""
"418","Гагарина","29","ул.","",""
"419","Маркова","28","ул.","",""
"420","Чихавиева","36","ул.","",""
"421","К.Хосонова","2","ул.","",""
"422","А.Макоева","25","ул.","",""
"423","Энгельса","36","ул.","",""
"424","Октябрьская","28","ул.","",""
"425","Советская","2","ул.","",""
"426","Будтуева","25","ул.","",""
"427","Мира","36","ул.","",""
"428","Партизанская","21","ул.","",""
"429","Кодоева","20","ул.","",""
"430","Пролетарская","21","ул.","",""
"431","Бесланская","28","ул.","",""
"432","Владивостокская","1","ул.","",""
"433","К.Либкнехта","32","ул.","",""
"434","Надтеречная","28","ул.","",""
"435","Гагарина","28","ул.","",""
"436","Первомайская","29","ул.","",""
"437","Цаликова","28","ул.","",""
"438","Эльхотовская","1","ул.","43,086042 44,656538 43,086309 44,656452 43,099604 44,650884 43,09987 44,650841 43,100043 44,650798 ",""
"439","Каллагова","24","ул.","",""
"440","Заречная","24","ул.","",""
"441","Бульварная","1","ул.","43,100372 44,650948 43,103944 44,635434 ",""
"442","Кооперативная","1","ул.","43,097144 44,647386 43,098288 44,649017 43,098797 44,651291 43,098813 44,651538 43,099964 44,656634 43,099745 44,659295 ",""
"443","Магистральная","1","ул.","43,106419 44,63522 43,106231 44,635842 43,106169 44,6364 43,101492 44,656892 ",""
"444","Дальняя","1","ул.","43,108965 44,636689 43,104226 44,657235 43,104093 44,659359 ",""
"445","Б.Хмельницкого","29","ул.","",""
"446","Первомайская","28","ул.","43,069064 44,663233 43,074503 44,663447 ",""
"447","Хуцишвили","10","ул.","43,011834 44,67483 43,013214 44,674026 43,013293 44,673999 43,014466 44,673409 43,018054 44,671285 43,019184 44,670555 43,022086 44,668828 43,022741 44,668452 43,02953 44,664364 43,031616 44,662943 43,033349 44,661854 43,033427 44,661816 43,035776 44,66018 43,042743 44,65562 43,042998 44,655395 43,04308 43,04308 43,043888 44,654446 43,044707 44,653882 43,045213 44,65363 43,051568 44,653459 ",""
"448","Либкнехта","1","ул.","43,11292 44,611273 43,091417 44,639146 ",""
"449","Юбилейная","29","ул.","",""
"450","Полевая","29","ул.","",""
"451","Плиева","28","ул.","",""
"452","Степная","25","ул.","",""
"453","Макоева","25","ул.","",""
"454","Островского","21","ул.","",""
"455","Островского","20","ул.","",""
"456","Бесолова","20","ул.","",""
"457","Комсомольская","29","ул.","",""
"458","Нартовская","28","ул.","",""
"459","Орджоникидзе","29","ул.","",""
"460","Ленина","2","ул.","",""
"461","Рамонова","21","ул.","",""
"462","В.Терешковой","20","ул.","",""
"463","Кавказская","40","ул.","",""
"464","Ленина","41","ул.","",""
"465","Моряков","2","ул.","",""
"466","Ленина","20","ул.","",""
"467","Транспортная","29","ул.","",""
"468","Промышленная","20","ул.","",""
"469","Набережная","38","ул.","",""
"470","Дзтиева","19","ул.","",""
"471","Плиева","42","ул.","",""
"472","Дружбы","1","ул.","",""
"473","Ленина","33","ул.","",""
"474","Ленина","28","ул.","",""
"475","Малиева","36","ул.","",""
"477","Клубный","1","пр-д","",""
"478","Хлебный","28","пер.","",""
"479","Калинина","21","ул.","",""
"480","Западный","1","пр-д","",""
"481","Гардинная","29","ул.","",""
"482","Тогоева","36","ул.","",""
"483","Комсомольская","2","ул.","",""
"484","Хоранова","21","ул.","43,011834 44,67483 43,013214 44,674026 43,013293 44,673999 43,014466 44,673409 43,018054 44,671285 43,019184 44,670555 43,022086 44,668828 43,022741 44,668452 43,02953 44,664364 43,031616 44,662943 43,033349 44,661854 43,033427 44,661816 43,035776 44,66018 43,042743 44,65562 43,042998 44,655395 43,04308 43,04308 43,043888 44,654446 43,044707 44,653882 43,045213 44,65363 43,051568 44,653459 ",""
"485","Владикавказское","21","ш.","",""
"486","Бр.Ногаевых","28","ул.","",""
"487","Коммунистическая","29","ул.","",""
"489","Алагирская","21","ул.","",""
"490","Р.Люксембург","32","ул.","",""
"491","Абаева","1","ул.","",""
"492","Маркова","2","ул.","",""
"493","Коммунальная","29","ул.","",""
"494","Железнодорожная","29","ул.","",""
"495","Молодежная","2","ул.","",""
"496","Нартикова","20","ул.","",""
"497","Гагарина","32","ул.","",""
"498","Коммунальная","37","ул.","",""
"499","К.Хетагурова","29","ул.","",""
"500","Вокзальная","28","ул.","",""
"501","Калаева","20","ул.","",""
"502","Иристонская","28","ул.","",""
"503","Кирова","21","ул.","",""
"504","Хасцаева","25","ул.","",""
"505","Советов","29","ул.","",""
"507","Чапаева","27","ул.","",""
"508","Некрасова","38","ул.","",""
"509","Бароевых","2","ул.","",""
"510","Калоева","33","ул.","",""
"511","Форштадская","29","ул.","",""
"512","Кесаева","36","ул.","",""
"513","Зангиева","21","ул.","",""
"514","Вокзальная","29","ул.","",""
"515","Ленина","27","ул.","",""
"516","Мира","38","ул.","",""
"517","А.Карсанова","2","ул.","",""
"518","Бр.Албегоновых","25","ул.","",""
"519","Л.Толстого","20","ул.","",""
"520","Школьный","21","пер.","",""
"521","Красноармейская","28","ул.","",""
"522","Бр.Кубаловых","2","ул.","",""
"523","Морозова","25","ул.","",""
"524","К.Бутаева","20","ул.","",""
"525","Салганюка","29","ул.","",""
"526","Шевченко","29","ул.","",""
"527","Промышленная","29","ул.","",""
"528","Подгорная","28","ул.","43,033137 44,66746 43,044523 44,659992 43,044841 44,659907 43,045511 44,65974 43,047863 44,658576 43,047969 44,658571 43,05163 44,658415 ",""
"529","Алагирское","21","ш.","",""
"530","Энгельса","20","ул.","",""
"531","Строителей","32","ул.","",""
"532","Ватутина","28","ул.","",""
"533","Кирова","28","ул.","",""
"535","Коста","20","ул.","",""
"536","Эльхотовская","44","ул.","",""
"537","Осетинская Горка","1","ул.","",""
"538","Первомайская","45","ул.","",""
"539","Комсомольская","28","ул.","",""
"541","Ворошилова","33","ул.","",""
"542","Юбилейная","37","ул.","",""
"543","Заводская","46","ул.","",""
"544","Соколовского","29","ул.","",""
"545","Красного Октября","20","ул.","",""
"546","Крайний","28","пер.","",""
"547","Моздокская","47","ул.","",""
"548","Фурманова","29","ул.","",""
"549","Гетоева","48","ул.","",""
"550","Октябрьская","29","ул.","",""
"551","Торговый","1","пер.","",""
"552","Дзитиева","19","ул.","",""
"553","Калинина","38","ул.","",""
"554","Мира","2","ул.","",""
"555","Маяковского","30","ул.","",""
"556","Цориева","25","ул.","",""
"557","Цаликова","20","ул.","",""
"558","Молодежная","49","ул.","",""
"559","Промышленная","1","ул.","",""
"560","Азаниева","29","ул.","",""
"561","Тубеева","50","ул.","",""
"562","Епхиева","21","ул.","",""
"563","Фриева","28","ул.","",""
"564","Советская","41","ул.","",""
"565","Шаумяна","29","ул.","",""
"566","Привокзальная","28","ул.","",""
"567","Ленина","51","ул.","",""
"568","Гуржибекова","29","ул.","",""
"569","Цомаевой","20","ул.","",""
"570","Кирова","52","ул.","",""
"571","Свободы","21","ул.","",""
"572","Батышева","36","ул.","",""
"573","Ленина","36","ул.","",""
"574","Кулачкова","53","ул.","",""
"575","Красная","54","ул.","",""
"576","Фрунзе","29","ул.","",""
"577","Краснодонская","44","ул.","43,048443 44,653507 43,048263 44,645444 ",""
"578","Ленина","22","ул.","",""
"579","А.Кесаева","22","ул.","",""
"580","11-я","44","лин.","43,107524 44,652815 43,099706 44,649419 43,099565 44,64928 43,097415 44,645922 43,097301 44,64568 43,097183 44,64553 43,092929 44,641228 43,091472 44,639211 ",""
"581","12-я","44","лин.","43,100074 44,650798 43,105158 44,653105 ",""
"582","Терентьева","21","ул.","",""
"583","А.Хадарцева","1","ул.","","Асланбека Хадарцева"
"584","Ленина","12","ул.","",""
"585","Советская","53","ул.","",""
"586","Суворова","28","ул.","",""
"587","Дзержинского","20","ул.","",""
"588","Интернациональная","56","ул.","",""
"589","Продуктовый","1","пер.","",""
"590","Заправочная","44","ул.","",""
"591","С.Таболова","1","ул.","","Таболова"
"592","Прогонная","57","ул.","",""
"593","Епхиева","30","ул.","",""
"594","8-го Марта","30","ул.","",""
"595","Пушкина","30","ул.","",""
"596","Речная","35","ул.","",""
"597","Станционная","20","ул.","",""
"598","Колхозная","20","ул.","",""
"599","Дивизионная","1","ул.","",""
"600","Кокиева","36","ул.","",""
"601","Мильдзихова","2","ул.","",""
"602","","2","ул.","",""
"603","Киевская","32","ул.","",""
"604","Дигорское","21","ш.","",""
"605","Хосроева","21","ул.","",""
"606","Окружная","28","ул.","",""
"607","Бутаева","20","ул.","",""
"608","Архонское","38","ш.","",""
"609","Усанова","57","ул.","",""
"610","Колхозная","38","ул.","",""
"611","Дзуцева","10","ул.","",""
"612","","44","лин.","",""
"613","Чкалова","20","ул.","",""
"614","Трассовая","44","ул.","",""
"615","Лермонтова","28","пер.","",""
"616","Ленина","59","ул.","",""
"617","Таболова","60","ул.","",""
"618","Школьный","61","пер.","",""
"619","Ленина","55","ул.","",""
"620","Томаева","28","ул.","",""
"621","Уварова","55","пер.","",""
"622","Октябрьская","21","ул.","",""
"623","Степная","62","ул.","",""
"624","Кцоева","63","ул.","",""
"625","Хадарцева","1","ул.","",""
"626","Алханчуртская","39","ул.","",""
"627","М.Дедегкаева","25","ул.","",""
"628","А.Фидарова","64","ул.","",""
"629","Красноармейская","21","ул.","",""
"630","10-я","44","лин.","",""
"631","Музейный","1","пер.","",""
"632","Бр.Фахимовых","43","ул.","",""
"633","Ленина","43","ул.","",""
"634","Привокзальная","21","ул.","",""
"635","Студенческая","32","ул.","",""
"636","Дедегкаева","25","ул.","",""
"637","Ленина","65","ул.","",""
"638","Набережная","62","ул.","",""
"639","К.Хетагурова","35","ул.","",""
"640","Грозненская","29","ул.","",""
"641","Мира","66","ул.","",""
"642","Бр.Торчиновых","28","ул.","",""
"643","Ворошилова","20","ул.","",""
"644","Анджиевского","29","ул.","",""
"645","Ромашки","33","ул.","",""
"646","Шоссейная","27","ул.","",""
"647","М.Будтуева","25","ул.","",""
"648","Кооперативная","44","ул.","",""
"649","Коммунальная","30","ул.","",""
"650","Прохладненская","29","ул.","",""
"651","Бр.Газдановых","6","ул.","",""
"652","Ватаева","67","ул.","",""
"653","А.Макоева","68","ул.","",""
"654","","56","пр-д","",""
"655","Клубный","44","пр-д","",""
"656","Строителей","44","ул.","",""
"657","1-я","44","лин.","",""
"658","2-я","44","лин.","",""
"659","3-я","44","лин.","",""
"660","4-я","44","лин.","",""
"661","5-я","44","лин.","",""
"662","6-я","44","лин.","",""
"663","Центральная","44","ул.","",""
"664","8-я","44","лин.","",""
"665","9-я","44","лин.","",""
"666","13-я","44","лин.","",""
"667","Кирова","49","ул.","",""
"668","Кооперативная","8","ул.","",""
"669","Советская","62","ул.","",""
"670","Г.Губиева","69","ул.","",""
"671","Пролетарская","45","ул.","",""
"672","Красногорская","21","ул.","",""
"673","Хетагурова","70","ул.","",""
"674","Фенстера","10","ул.","",""
"675","Цаликова","77","ул.","",""
"676","А.Хадарцева","12","ул.","",""
"677","Ленина","79","ул.","",""
"678","Бр.Абациевых","24","ул.","",""
"679","Ленина","80","ул.","",""
"680","Мамиева","81","ул.","",""
"681","Орджоникидзе","82","ул.","",""
"682","Ленина","83","ул.","",""
"683","Хетагурова","84","ул.","",""
"684","Ленина","85","ул.","",""
"685","Хетагурова","86","ул.","",""
"686","Мира","31","ул.","",""
"687","Ленина","87","ул.","",""
"688","Партизанская","88","ул.","",""
"689","Бр.Кобегкаевых","89","ул.","",""
"690","Б.Хидирова","50","ул.","",""
"691","Ген.Гатагова","97","ул.","",""
"692","Заводская","98","ул.","",""
"693","Т.Фидарова","99","ул.","",""
"694","Ленина","101","ул.","",""
"695","Революции","61","ул.","",""
"696","Плиева","102","ул.","",""
"697","Мира","103","ул.","",""
"698","Таутиева","59","ул.","",""
"699","Мира","60","ул.","",""
"700","Береговая","104","ул.","",""
"701","Театральная","105","ул.","",""
"702","Хугаева","106","ул.","",""
"703","Садовая","47","ул.","",""
"704","Первомайская","107","ул.","",""
"705","Советская","108","ул.","",""
"706","Школьная","109","ул.","",""
"707","Колхозная","111","ул.","",""
"708","Садовая","112","ул.","",""
"709","Октябрьская","113","ул.","",""
"710","Октябрьская","115","ул.","",""
"711","Моздокская","55","ул.","",""
"712","Ленина","117","ул.","",""
"713","Фидарова","67","ул.","",""
"714","И.Плиева","118","ул.","",""
"715","Хетагурова","119","ул.","",""
"716","Г.Губиева","120","ул.","",""
"717","Центральная","121","ул.","",""
"718","Кирова","122","ул.","",""
"719","Ф.Кастро","123","ул.","",""
"720","Центральная","129","ул.","",""
"721","Кирова","130","ул.","",""
"722","50-ти лет Октября","42","ул.","",""
"723","Центральная","37","ул.","",""
"724","Кирова","131","ул.","",""
"725","Бибилова","132","ул.","",""
"726","Ленина","133","ул.","",""
"727","Крупской","38","ул.","",""
"728","Дружбы","75","ул.","",""
"729","7-я","44","лин.","",""
"730","Горняков","44","ул.","",""
"731","Балтийская","44","ул.","",""
"732","Шахтеров","44","ул.","",""
"733","Полтавская","44","ул.","",""
"734","Новгородская","44","ул.","",""
"735","Путейцев","44","ул.","",""
"736","Даркохская","44","ул.","",""
"737","Песочная","44","ул.","",""
"738","Дальняя","44","ул.","",""
"741","","44","ул.","",""
"742","Дадьяновых","45","туп.","",""
"744","Дальняя","44","ул.","",""
"745","Магистральная","44","ул.","",""
"746","Полевая","44","ул.","",""
"747","Вокзальная","44","ул.","",""
"748","Э.Дзусова","44","ул.","",""
"749","Бульварная","44","ул.","",""
"750","Промышленная","44","ул.","",""
"751","14-я","44","лин.","",""
"752","15-я","44","лин.","",""
"753","16-я","44","лин.","",""
"754","Железнодорожная","28","ул.","",""
"755","Крупской","29","ул.","",""
"756","Боровика","38","ул.","",""
"758","Карьерная","28","ул.","",""
"759","Пищевиков","28","ул.","",""
"760","Совхозная","28","ул.","",""
"761","","2","ул.","",""
"762","Ленина","61","ул.","",""
"763","Красногорское","21","ш.","",""
"764","Элеваторная","29","ул.","",""
"765","Бр.Цидуговых","41","ул.","",""
"766","Тхапсаева","21","ул.","",""
"767","Беканская","23","ул.","",""
"768","Молодежная","36","ул.","",""
"769","Привокзальная","28","пл.","",""
"770","","8","ул.","",""
"771","Революции","28","пер.","",""
"772","Кирова","47","ул.","",""
"773","Советов","50","ул.","",""
"774","Коминтерна","38","ул.","",""
"775","Новая","11","ул.","",""
"776","Ленина","50","ул.","",""
"777","Бзарова","118","ул.","",""
"778","Цекоева","119","ул.","",""
"779","Бр.Албегоновых","98","ул.","",""
"780","Космонавтов","113","ул.","",""
"781","Гагкаева","24","ул.","",""
"782","Коста","11","ул.","",""
"783","Советская","64","ул.","",""
"784","Пушкина","49","ул.","",""
"785","Пушкинская","38","ул.","",""
"786","Гаппоева","83","ул.","",""
"787","Далибанда","38","ул.","",""
"788","Орджоникидзе","35","ул.","",""
"789","Т.Гайтова","21","пл.","",""
"790","Матросова","21","ул.","",""
"791","Кирова","20","ул.","",""
"792","Маркуса","20","ул.","",""
"793","Иристонская","133","ул.","",""
"794","Казбекская","38","ул.","",""
"795","Агузарова","20","ул.","",""
"796","Бондаря","27","ул.","",""
"797","Садовая","53","ул.","",""
"798","Плиева","20","ул.","",""
"799","Надтеречная","29","ул.","",""
"800","Дзусова","117","ул.","",""
"801","Бердиева","36","ул.","",""
"802","Калицева","36","ул.","",""
"803","Бицаева","36","ул.","",""
"804","Заводская","36","ул.","",""
"805","Колоева","36","ул.","",""
"806","Дзотова","85","ул.","",""
"807","Базарная","136","ул.","",""
"808","Лермонтова","137","ул.","",""
"809","Мира","28","пр-т.","",""
"811","Тимирязева","32","ул.","",""
"812","","28","ул.","",""
"813","Ростова","29","ул.","",""
"814","Армянская","29","ул.","",""
"816","Кучиева","35","ул.","",""
"817","Бр.Дзугаевых","21","ул.","",""
"818","Борукаева","28","ул.","",""
"819","10-я Линия","1","ул.","","Линия 10-я"
"820","О.Кошевого","30","ул.","",""
"821","Терская","1","ул.","",""
"822","Свердлова","29","ул.","",""
"823","Усанова","29","ул.","",""
"824","Калинина","45","ул.","",""
"825","Тараненко","28","ул.","",""
"826","Доева","2","ул.","",""
"827","Ленина","64","ул.","",""
"828","Головко","144","ул.","",""
"829","Кабардинская","138","ул.","",""
"830","Советская","33","ул.","",""
"831","Бр.Атаевых","66","ул.","",""
"832","Коммунальная","21","ул.","",""
"833","Салтыкова-Щедрина","29","ул.","",""
"834","Токаева","102","ул.","",""
"835","Ленина","103","ул.","",""
"836","Слонова","103","ул.","",""
"838","Б.Хмельницкого","30","ул.","",""
"839","им.50-летия Октября","29","пл.","",""
"840","Колхозная","64","ул.","",""
"841","Волковой","107","ул.","",""
"842","Надтеречная","2","ул.","",""
"843","Гагарина","27","ул.","",""
"844","Торговый","29","туп.","",""
"845","Баликоева","25","ул.","",""
"846","Моздокская","57","ул.","",""
"847","Степная","29","ул.","",""
"848","Энергетиков","29","ул.","",""
"849","Фабричная","29","ул.","",""
"850","Красная","146","ул.","",""
"851","Кирова","25","ул.","",""
"852","Лебедева-Кумача","29","ул.","",""
"853","Грузинская","29","ул.","",""
"854","Революции","101","ул.","",""
"855","Гагарина","21","ул.","",""
"856","Пролетарская","29","ул.","",""
"857","Социалистическая","29","ул.","",""
"858","Дзержинского","147","ул.","",""
"859","Ушакова","147","ул.","",""
"860","Ессентукская","137","ул.","",""
"861","Горького","130","ул.","",""
"862","Кирова","148","ул.","",""
"863","Кулаева","21","ул.","",""
"864","Почтовая","149","ул.","",""
"865","50 лет Октября","1","пл.","",""
"866","Циолковского","44","ул.","",""
"867","Джанаева","81","ул.","",""
"868","Ленина","82","ул.","",""
"869","Нартикова","82","ул.","",""
"870","Чкалова","28","ул.","",""
"871","Победы","104","ул.","",""
"872","К.Хетагурова","55","пер.","",""
"873","Набережная","45","ул.","",""
"874","Комсомольская","54","ул.","",""
"875","Костанаева","150","ул.","",""
"876","Кирова","132","ул.","",""
"877","Железнодорожная","44","ул.","",""
"878","Ленина","48","ул.","",""
"879","Губа","120","ул.","",""
"880","Гагарина","55","ул.","",""
"881","","55","ул.","",""
"882","Гуржибекова","115","ул.","",""
"883","Ленина","88","ул.","",""
"884","Т.Джимиева","43","ул.","",""
"885","Комсомольская","113","ул.","",""
"886","Бр.Тахоховых","136","ул.","",""
"887","Мамсурова","99","ул.","",""
"888","Октябрьская","111","ул.","",""
"889","Гусовых","26","ул.","",""
"890","Суджаева","65","ул.","",""
"891","Озиева","97","ул.","",""
"892","Маркова","36","ул.","",""
"893","Мичурина","30","ул.","",""
"894","Толстого","29","ул.","",""
"895","Джимиева","131","ул.","",""
"896","Комсомольская","22","ул.","",""
"897","Свободы","28","пер.","",""
"898","Школьный","130","пер.","",""
"899","4-я Заводская","28","ул.","",""
"900","Цаликова","28","пер.","",""
"901","Плиева","151","ул.","",""
"902","Школьная","145","ул.","",""
"905","Пушкина","123","ул.","",""
"906","Горького","152","ул.","",""
"907","Ленина","132","ул.","",""
"908","Новая","112","ул.","",""
"909","Кирова","146","ул.","",""
"910","Губиева","120","ул.","",""
"911","Бритаева","8","ул.","",""
"912","Центральная","29","ул.","",""
"913","Л.Толстого","51","ул.","",""
"914","Чшиева","103","ул.","",""
"915","Маяковского","85","ул.","",""
"916","Школьная","51","ул.","",""
"917","Мира","107","ул.","",""
"918","Хетагурова","63","ул.","",""
"919","Барбашова","45","ул.","",""
"920","Колхозная","77","ул.","",""
"921","Бзарова","67","ул.","",""
"922","Ген.Плиева","118","ул.","",""
"923","Ленина","155","ул.","",""
"924","Ленина","119","ул.","",""
"925","Калинина","51","ул.","",""
"926","Никулина","157","ул.","",""
"927","Марксистская","158","ул.","",""
"928","Маршала Жукова","158","пр-т.","",""
"929","Бештаугорское","137","ш.","",""
"930","Лорсанова","141","ул.","",""
"931","Пулковская","158","ул.","",""
"932","Сталина","134","ул.","",""
"933","Калинина","137","пр-т.","",""
"934","К.Маркса","144","ул.","",""
"935","Северная","147","ул.","",""
"936","Театральная","1","ул.","",""
"937","кв.Энергетиков","20","ул.","",""
"938","319-й Стрелковой Дивизии","21","ул.","",""
"939","Фонтанов","1","пл.","",""
"940","Советская","111","ул.","",""
"941","Пушкинский","28","пер.","",""
"942","Краснодонская","162","ул.","",""
"943","Клубный","162","пр-д","",""
"944","Кооперативная","162","ул.","",""
"945","10-я Линия","162","ул.","",""
"946","3-я Линия","162","ул.","",""
"947","11-я Линия","162","ул.","",""
"948","Э.Дзусова","162","ул.","",""
"949","Трассовая","162","ул.","",""
"950","Циолковского","162","ул.","",""
"951","Заправочная","162","ул.","",""
"952","Железнодорожная","162","ул.","",""
"953","Эльхотовская","162","ул.","",""
"954","Бульварная","162","ул.","",""
"955","Дружбы","163","ул.","",""
"956","Защитников Осетии","164","ул.","",""
"957","Хайманова","60","ул.","",""
"958","Гагарина","114","ул.","",""
"959","Ермоленко","29","ул.","",""
"960","Заводская","53","ул.","",""
"961","З.Джибилова","28","ул.","",""
"962","Суворовский","137","пр-д","",""
"963","Заводская","32","ул.","",""
"964","Заводская","37","ул.","",""
"965","Брестская","1","ул.","",""
"966","Бетрозовых","50","ул.","",""
"967","Калинина","84","ул.","",""
"968","К.Тобоева","25","ул.","",""
"969","Кооперативная","36","ул.","",""
"970","Героев","28","ул.","",""
"971","Костанаева","166","ул.","",""
"972","Коммунаров","164","ул.","",""
"973","Промышленная","162","ул.","",""
