"id_org","id_rubr"
"3","1860"
"3","3050"
"3","4140"
"3","4640"
"3","4910"
"8","699"
"8","700"
"8","930"
"8","1250"
"8","2200"
"8","4430"
"11","3420"
"16","980"
"16","2900"
"16","2970"
"26","3810"
"28","1530"
"29","2970"
"33","3000"
"33","3020"
"33","3730"
"33","4140"
"33","4470"
"36","3420"
"36","4430"
"37","1530"
"41","940"
"41","980"
"41","2760"
"41","2900"
"41","2970"
"41","3120"
"41","3340"
"52","1110"
"52","3420"
"55","2900"
"55","2970"
"58","740"
"63","3810"
"69","2900"
"69","4010"
"72","1590"
"76","3420"
"79","3420"
"80","3420"
"93","510"
"95","1530"
"98","3810"
"106","1110"
"106","3350"
"106","3420"
"106","3720"
"111","2900"
"115","4010"
"120","2900"
"120","2970"
"121","3810"
"129","3010"
"129","3020"
"135","3810"
"136","700"
"139","980"
"139","2900"
"139","2970"
"139","2980"
"140","740"
"140","1110"
"140","2970"
"140","2980"
"140","3420"
"140","4010"
"140","4230"
"144","1110"
"144","2320"
"144","3050"
"144","4640"
"151","4930"
"151","4940"
"161","980"
"161","2970"
"163","4230"
"177","3420"
"183","3280"
"183","3350"
"185","1110"
"185","3420"
"186","980"
"186","2970"
"186","2980"
"187","740"
"188","4010"
"198","2790"
"201","1110"
"201","2280"
"201","3350"
"201","3420"
"210","740"
"214","3070"
"214","3400"
"214","4540"
"216","510"
"218","2080"
"218","2870"
"218","4140"
"220","1350"
"220","3340"
"220","3560"
"228","740"
"229","4250"
"231","4090"
"231","4100"
"234","1110"
"234","3420"
"236","1950"
"236","2180"
"253","980"
"253","2900"
"253","2970"
"254","1570"
"255","2970"
"265","3420"
"265","4630"
"267","1110"
"267","3420"
"274","2420"
"275","2970"
"276","1110"
"276","1570"
"276","3420"
"282","1110"
"282","3350"
"282","3420"
"292","510"
"646","3810"
"711","2900"
"711","2970"
"711","2980"
"711","4640"
"713","3110"
"715","4140"
"715","4150"
"729","740"
"729","2680"
"731","1420"
"731","2320"
"731","4140"
"731","4470"
"731","4640"
"731","4680"
"746","2210"
"746","4220"
"772","1570"
"772","1950"
"772","2070"
"805","960"
"805","4140"
"806","1420"
"806","2320"
"806","2870"
"806","3010"
"806","3160"
"806","4140"
"809","2730"
"809","3050"
"809","3840"
"809","4490"
"811","3020"
"820","2550"
"820","2560"
"821","1150"
"821","2210"
"821","2540"
"821","2560"
"821","2820"
"821","3020"
"821","3050"
"823","2540"
"823","2550"
"823","2560"
"825","1770"
"825","2320"
"825","2870"
"825","4140"
"825","4640"
"826","3020"
"843","4140"
"843","4150"
"860","1110"
"860","3420"
"861","940"
"861","980"
"861","1530"
"861","2900"
"861","4710"
"862","510"
"862","520"
"863","520"
"865","510"
"870","510"
"870","520"
"870","580"
"870","610"
"870","611"
"872","520"
"872","612"
"877","1530"
"877","2970"
"877","2980"
"878","520"
"880","830"
"881","2900"
"882","1090"
"882","2180"
"882","2210"
"882","2550"
"882","3340"
"882","3350"
"882","3950"
"883","940"
"884","830"
"884","2180"
"885","3810"
"887","3420"
"888","830"
"890","830"
"895","830"
"895","1090"
"895","2160"
"895","2280"
"895","3950"
"895","4910"
"896","1090"
"896","3350"
"896","4910"
"900","2210"
"905","1350"
"905","4360"
"910","4230"
"917","4940"
"926","1110"
"926","3420"
"928","2970"
"928","2980"
"929","3420"
"938","1110"
"938","3420"
"940","830"
"940","1110"
"940","1950"
"940","2280"
"940","3280"
"940","3420"
"942","1110"
"942","3420"
"946","4700"
"951","3420"
"959","3420"
"962","4230"
"965","1530"
"965","1570"
"965","1590"
"967","2550"
"967","3420"
"968","3420"
"969","940"
"969","980"
"969","1530"
"969","1570"
"969","1590"
"969","2280"
"969","2900"
"969","2970"
"969","2980"
"969","3150"
"969","3340"
"969","3350"
"969","4010"
"969","4670"
"970","740"
"970","980"
"970","1090"
"970","1530"
"970","1950"
"970","2070"
"970","3280"
"970","4910"
"972","740"
"972","1110"
"972","3420"
"975","1110"
"975","3420"
"981","3420"
"983","3420"
"989","1110"
"989","3420"
"990","1110"
"990","3420"
"994","1110"
"994","3420"
"996","1570"
"996","1950"
"1001","740"
"1001","940"
"1001","980"
"1001","1110"
"1001","1530"
"1001","1570"
"1001","1590"
"1001","1950"
"1001","2280"
"1001","2980"
"1001","3280"
"1001","3350"
"1001","3420"
"1001","4640"
"1001","4700"
"1002","740"
"1002","1110"
"1002","3420"
"1003","1110"
"1003","1950"
"1003","3420"
"1005","4230"
"1009","4940"
"1010","1110"
"1010","3420"
"1012","740"
"1012","2200"
"1012","4230"
"1014","4230"
"1016","1110"
"1016","1570"
"1016","2280"
"1016","3280"
"1016","3420"
"1018","1110"
"1018","2280"
"1018","3420"
"1022","740"
"1022","4230"
"1039","4360"
"1040","1110"
"1040","2280"
"1042","4230"
"1045","1110"
"1045","3420"
"1054","4230"
"1056","2970"
"1056","2980"
"1057","1950"
"1057","2070"
"1058","2070"
"1060","2070"
"1061","1950"
"1061","3950"
"1065","1950"
"1065","2280"
"1068","1950"
"1068","2070"
"1077","1950"
"1078","4610"
"1083","2160"
"1083","2180"
"1083","2485"
"1083","2560"
"1086","2180"
"1087","2160"
"1087","2180"
"1088","2180"
"1088","2485"
"1093","2550"
"1093","2560"
"1093","4400"
"1099","1670"
"1099","2550"
"1099","2560"
"1102","2540"
"1102","2550"
"1102","2560"
"1102","4400"
"1107","3420"
"1127","1110"
"1127","1590"
"1127","3420"
"1132","1110"
"1132","3420"
"1138","740"
"1138","1110"
"1138","1570"
"1138","1950"
"1138","3350"
"1138","3420"
"1138","3560"
"1141","980"
"1141","2970"
"1141","4360"
"1142","740"
"1142","940"
"1142","980"
"1142","1570"
"1142","1950"
"1142","2280"
"1142","3120"
"1142","3280"
"1142","3340"
"1144","2900"
"1146","1530"
"1146","1570"
"1146","4380"
"1148","980"
"1148","2280"
"1148","2900"
"1148","2970"
"1148","2980"
"1148","3120"
"1148","3280"
"1148","4710"
"1153","4360"
"1153","4640"
"1154","4360"
"1155","980"
"1155","2900"
"1159","940"
"1161","770"
"1161","2360"
"1161","4360"
"1163","2980"
"1164","2970"
"1164","2980"
"1165","2980"
"1166","2900"
"1166","2980"
"1170","2280"
"1170","3420"
"1201","1950"
"1201","2070"
"1256","2280"
"1261","980"
"1261","2280"
"1266","4010"
"1268","1110"
"1268","2280"
"1269","3340"
"1270","980"
"1270","1110"
"1270","1950"
"1270","4360"
"1273","830"
"1273","940"
"1273","980"
"1273","1530"
"1273","1570"
"1273","1950"
"1273","2280"
"1273","2900"
"1273","2970"
"1273","2980"
"1274","3950"
"1275","4010"
"1276","980"
"1276","1570"
"1276","3280"
"1276","4710"
"1276","4940"
"1279","720"
"1279","1110"
"1279","3840"
"1279","4640"
"1281","4910"
"1288","1950"
"1288","3420"
"1288","4640"
"1324","4360"
"1331","1950"
"1331","2960"
"1339","2450"
"1339","2600"
"1339","3120"
"1343","1110"
"1343","3360"
"1343","4540"
"1344","740"
"1345","3280"
"1346","3090"
"1346","3400"
"1348","3280"
"1348","3350"
"1348","4910"
"1350","1950"
"1352","2580"
"1358","1110"
"1358","3340"
"1358","3350"
"1358","4640"
"1360","2540"
"1360","2550"
"1360","2710"
"1360","3010"
"1362","610"
"1362","2540"
"1362","2550"
"1362","2710"
"1364","1600"
"1364","1930"
"1364","2330"
"1364","2870"
"1364","3040"
"1364","4140"
"1364","4470"
"1364","4984"
"1367","4140"
"1367","4640"
"1368","740"
"1368","980"
"1368","2280"
"1368","3420"
"1369","3020"
"1370","1530"
"1370","1570"
"1372","1150"
"1372","2820"
"1372","3050"
"1372","3850"
"1373","1420"
"1373","2320"
"1373","2870"
"1373","3010"
"1373","3840"
"1373","4140"
"1373","4640"
"1373","4910"
"1376","2820"
"1376","3050"
"1376","3450"
"1376","3840"
"1376","4140"
"1376","4490"
"1376","4640"
"1378","1110"
"1378","2320"
"1378","4640"
"1378","4680"
"1379","3420"
"1383","2550"
"1383","2560"
"1386","2550"
"1386","2560"
"1387","720"
"1387","1110"
"1387","1730"
"1387","1860"
"1387","3350"
"1387","4640"
"1387","4910"
"1388","740"
"1391","2540"
"1391","4400"
"1392","4400"
"1392","4640"
"1401","4230"
"1404","4230"
"1415","3340"
"1415","4360"
"1420","3420"
"1425","2200"
"1425","3500"
"1425","4630"
"1428","3420"
"1429","4940"
"1430","4940"
"1431","3280"
"1431","3350"
"1432","3280"
"1432","3350"
"1432","4710"
"1433","4940"
"1435","4940"
"1453","500"
"1453","510"
"1508","2730"
"1508","4490"
"1579","612"
"1581","510"
"1581","610"
"1581","612"
"1581","613"
"1603","4520"
"1622","3810"
"1623","770"
"1623","3810"
"1624","3810"
"1625","3810"
"1626","3810"
"1627","3810"
"1629","3810"
"1630","3810"
"1631","3810"
"1632","3810"
"1633","3810"
"1634","3810"
"1635","3810"
"1638","3810"
"1639","3810"
"1640","740"
"1651","2200"
"1651","3420"
"1652","3400"
"1652","4260"
"1657","2540"
"1659","980"
"1659","1530"
"1659","2970"
"1659","2980"
"1671","1280"
"1671","2680"
"1682","4610"
"1687","980"
"1687","1110"
"1687","1570"
"1687","2550"
"1687","3280"
"1693","800"
"1694","1530"
"1694","2970"
"1698","4010"
"1700","740"
"1708","3410"
"1708","3810"
"1708","4620"
"1710","770"
"1710","1120"
"1710","2090"
"1710","3810"
"1710","4610"
"1710","4620"
"1805","1950"
"1805","3220"
"1805","3651"
"1806","1950"
"1806","2550"
"1806","2560"
"1806","3280"
"1813","2160"
"1813","2180"
"1813","2485"
"1823","740"
"1824","3280"
"1825","4520"
"1828","740"
"1828","2680"
"1829","740"
"1830","740"
"1832","740"
"1832","4060"
"1834","740"
"1836","740"
"1836","1170"
"1838","740"
"1840","740"
"1841","740"
"1842","740"
"1843","740"
"1847","740"
"1863","740"
"1864","740"
"1865","740"
"1868","740"
"1869","740"
"1875","740"
"1876","740"
"1877","740"
"1878","740"
"1879","740"
"1880","740"
"1881","740"
"1881","1590"
"1881","3120"
"1882","740"
"1885","740"
"1889","740"
"1891","740"
"1891","1950"
"1891","3120"
"1893","740"
"1894","740"
"1917","1590"
"1935","3810"
"1952","740"
"1952","3120"
"1953","3120"
"1955","740"
"1957","2450"
"1957","2620"
"1960","740"
"1999","740"
"2021","2680"
"2125","4230"
"2421","940"
"2421","980"
"2421","2900"
"2421","2970"
"2421","3340"
"2429","3420"
"2435","4010"
"2446","3810"
"2447","3810"
"2448","3420"
"2449","2200"
"2449","3420"
"2480","570"
"2480","610"
"2480","611"
"2480","3720"
"2480","4020"
"2515","4520"
"2518","4520"
"2519","4520"
"2521","4520"
"2550","2540"
"2550","2550"
"2552","2420"
"2552","2540"
"2552","3010"
"2566","930"
"2566","2550"
"2566","3000"
"2566","3020"
"2614","2200"
"2734","3420"
"2804","1280"
"2804","1350"
"2804","3340"
"2804","3470"
"2829","2710"
"2829","3000"
"2829","3020"
"2831","1110"
"2831","3420"
"2837","3090"
"2839","3930"
"2839","3940"
"2839","3950"
"2843","740"
"2854","770"
"2854","790"
"2854","1740"
"2854","3340"
"2860","740"
"2862","3280"
"2862","4940"
"2886","740"
"2886","830"
"2886","1110"
"2886","1530"
"2886","1950"
"2886","2280"
"2886","3340"
"2886","3420"
"2886","4230"
"2889","3810"
"2890","3810"
"2890","4994"
"2896","3020"
"2903","960"
"2903","2040"
"2903","2330"
"2903","2420"
"2903","2730"
"2903","4140"
"2903","4490"
"2903","4680"
"2906","980"
"2906","2900"
"2906","2970"
"2906","2980"
"2912","1110"
"2912","3420"
"2916","610"
"2917","3420"
"2917","4430"
"2930","4994"
"2935","1280"
"2935","2680"
"2950","940"
"2950","2280"
"2950","2970"
"2953","4520"
"2955","2280"
"2974","4430"
"2981","1530"
"2981","2900"
"2981","2970"
"2981","4010"
"2984","1110"
"2984","3420"
"2992","2420"
"2992","3000"
"2992","3010"
"2992","3020"
"3003","740"
"3004","3420"
"3007","740"
"3011","940"
"3011","2900"
"3011","2970"
"3015","2200"
"3015","3720"
"3015","4630"
"3017","1950"
"3020","1110"
"3020","3320"
"3025","2390"
"3025","4670"
"3029","720"
"3040","2540"
"3040","2550"
"3049","3420"
"3050","700"
"3055","3810"
"3066","2970"
"3066","2980"
"3074","1770"
"3074","4100"
"3080","3940"
"3080","3950"
"3080","3960"
"3081","2970"
"3087","1110"
"3087","3420"
"3099","2970"
"3100","3020"
"3101","2200"
"3103","1110"
"3103","2280"
"3103","3420"
"3108","870"
"3108","920"
"3108","2550"
"3108","4180"
"3116","980"
"3116","2900"
"3116","2970"
"3122","1110"
"3122","3420"
"3124","2200"
"3124","4430"
"3133","3420"
"3139","3810"
"3141","4520"
"3143","2200"
"3143","4700"
"3153","740"
"3154","740"
"3156","3420"
"3159","4590"
"3188","2550"
"3188","2560"
"3191","1090"
"3199","1740"
"3199","2550"
"3199","3340"
"3200","2710"
"3209","4400"
"3211","2970"
"3211","2980"
"3212","1950"
"3212","2280"
"3212","3420"
"3212","3810"
"3212","4910"
"3213","3420"
"3222","1110"
"3222","3280"
"3222","3350"
"3222","3420"
"3229","2960"
"3235","1530"
"3235","1570"
"3235","1590"
"3239","2280"
"3239","3350"
"3245","3810"
"3253","3070"
"3253","3400"
"3253","4994"
"3254","1600"
"3254","2550"
"3254","4910"
"3256","510"
"3256","520"
"3258","1110"
"3258","3420"
"3268","3280"
"3268","3350"
"3275","2320"
"3275","4140"
"3275","4640"
"3280","2970"
"3283","4630"
"3284","2180"
"3298","3870"
"3299","2550"
"3305","4610"
"3335","4520"
"3338","3840"
"3338","4140"
"3339","510"
"3339","520"
"3339","580"
"3339","610"
"3339","611"
"3339","612"
"3339","3290"
"3347","1150"
"3347","2210"
"3347","3430"
"3347","3450"
"3347","4400"
"3348","500"
"3348","1980"
"3348","2480"
"3348","3450"
"3348","4400"
"3349","2280"
"3364","1670"
"3364","3020"
"3367","2540"
"3367","2550"
"3369","2820"
"3369","3050"
"3369","3450"
"3369","3850"
"3369","4490"
"3382","830"
"3382","1090"
"3382","4610"
"3390","740"
"3391","740"
"3393","1420"
"3393","1860"
"3393","2040"
"3393","2320"
"3393","2330"
"3393","2870"
"3393","3050"
"3393","4140"
"3393","4910"
"3396","3600"
"3396","3950"
"3398","740"
"3399","740"
"3399","1110"
"3399","3420"
"3410","2180"
"3410","2210"
"3411","2970"
"3414","3810"
"3416","1280"
"3416","3090"
"3417","740"
"3417","2280"
"3427","2580"
"3427","3420"
"3428","2790"
"3428","2880"
"3428","3400"
"3431","4230"
"3438","1110"
"3438","3420"
"3450","4140"
"3450","4150"
"3450","4640"
"3452","3110"
"3465","1570"
"3470","1670"
"3470","1740"
"3473","3020"
"3475","1570"
"3475","1590"
"3476","2970"
"3476","2980"
"3480","4010"
"3482","2900"
"3482","2980"
"3484","940"
"3484","980"
"3484","1530"
"3484","2900"
"3484","2970"
"3484","2980"
"3487","2550"
"3488","980"
"3488","1530"
"3488","2900"
"3488","2970"
"3488","3340"
"3491","2280"
"3493","2330"
"3493","3020"
"3493","4140"
"3496","4630"
"3499","2540"
"3499","2560"
"3508","3770"
"3517","3810"
"3518","3810"
"3530","2540"
"3532","3810"
"3534","3420"
"3536","3070"
"3536","4994"
"3539","1530"
"3553","3810"
"3554","3810"
"3555","3810"
"3561","510"
"3561","520"
"3561","660"
"3568","2900"
"3568","2980"
"3614","4140"
"3614","4150"
"3614","4220"
"3616","3810"
"3630","2070"
"3633","4140"
"3635","2210"
"3635","3050"
"3636","4640"
"3636","4910"
"3640","2320"
"3640","4140"
"3645","1530"
"3645","1570"
"3645","4380"
"3652","4140"
"3666","2550"
"3668","510"
"3671","2820"
"3671","3050"
"3671","3850"
"3688","740"
"3689","1780"
"3691","740"
"3691","1590"
"3700","3420"
"3701","4994"
"3706","1860"
"3706","2820"
"3706","3050"
"3706","3450"
"3706","3860"
"3706","4640"
"3706","4910"
"3710","2540"
"3710","2550"
"3712","1900"
"3712","2180"
"3712","3862"
"3724","2790"
"3730","2200"
"3734","2490"
"3735","1110"
"3735","3420"
"3736","3050"
"3736","3840"
"3736","3850"
"3740","740"
"3742","4590"
"3746","980"
"3746","2280"
"3763","2540"
"3764","1860"
"3764","4910"
"3767","2280"
"3787","2550"
"3789","2550"
"3789","2560"
"3790","2550"
"3790","2560"
"3793","1740"
"3793","3340"
"3796","1530"
"3796","2970"
"3797","2330"
"3797","3000"
"3799","3810"
"3802","940"
"3802","980"
"3802","2280"
"3805","4230"
"3807","3810"
"3809","3810"
"3810","1530"
"3810","2970"
"3810","2980"
"3812","980"
"3812","2900"
"3812","2970"
"3824","2920"
"3824","3040"
"3824","4030"
"3824","4520"
"3824","4991"
"3832","980"
"3832","2970"
"3833","980"
"3833","2900"
"3833","2980"
"3835","4010"
"3837","4520"
"3845","1530"
"3847","4020"
"3847","4030"
"3847","4590"
"3850","1420"
"3850","4140"
"3850","4640"
"3851","1860"
"3851","2820"
"3851","3050"
"3851","3450"
"3851","3860"
"3851","4640"
"3851","4910"
"3852","2330"
"3852","4140"
"3853","3840"
"3860","2070"
"3864","2790"
"3864","2880"
"3868","3810"
"3871","4940"
"3876","2900"
"3880","2210"
"3882","3810"
"3883","740"
"3886","980"
"3894","1530"
"3896","850"
"3896","1330"
"3899","3950"
"3901","770"
"3901","4360"
"3905","3810"
"3907","2400"
"3907","2710"
"3907","4140"
"3909","980"
"3909","2980"
"3917","3810"
"3918","3810"
"3919","740"
"3920","2280"
"3921","4940"
"3932","4520"
"3934","4230"
"3935","3810"
"3936","740"
"3943","3810"
"3948","2200"
"3948","3500"
"3948","4630"
"3964","1150"
"3964","2210"
"3964","3050"
"3964","3110"
"3964","3430"
"3965","612"
"3970","2200"
"3974","3420"
"3977","3950"
"3982","3420"
"3983","3070"
"3983","3400"
"3984","1110"
"3984","4540"
"3986","510"
"3986","610"
"3987","4400"
"3996","980"
"3996","2970"
"4009","740"
"4015","740"
"4018","740"
"4019","740"
"4022","1110"
"4022","3420"
"4023","3730"
"4023","4670"
"4025","740"
"4031","740"
"4032","3420"
"4033","740"
"4034","3770"
"4035","740"
"4036","740"
"4038","740"
"4040","740"
"4088","3420"
"4090","2280"
"4099","740"
"4103","4230"
"4106","1110"
"4106","2200"
"4106","2580"
"4106","3420"
"4107","850"
"4107","3030"
"4107","4610"
"4108","1530"
"4108","2900"
"4108","2970"
"4134","4140"
"4142","3350"
"4143","1570"
"4143","1950"
"4143","3070"
"4143","3400"
"4143","4540"
"4151","3050"
"4153","2540"
"4153","2550"
"4156","3050"
"4156","4140"
"4156","4150"
"4156","4640"
"4157","1670"
"4157","2550"
"4157","2560"
"4185","3110"
"4185","3600"
"4185","3862"
"4204","940"
"4204","2900"
"4204","2980"
"4204","4010"
"4205","3420"
"4205","4230"
"4217","3350"
"4218","3950"
"4220","510"
"4220","580"
"4228","1950"
"4233","3810"
"4234","980"
"4234","2900"
"4239","3070"
"4241","2570"
"4243","2450"
"4243","3120"
"4245","2970"
"4246","980"
"4246","2970"
"4247","980"
"4247","3280"
"4247","3350"
"4247","4710"
"4251","3020"
"4255","3810"
"4256","580"
"4258","4230"
"4260","1570"
"4260","2900"
"4260","2960"
"4260","3280"
"4260","4670"
"4270","1110"
"4270","3420"
"4280","740"
"4282","1530"
"4284","980"
"4284","2970"
"4286","980"
"4286","2900"
"4286","2980"
"4288","1110"
"4290","510"
"4290","612"
"4291","2900"
"4291","2970"
"4292","940"
"4292","1110"
"4292","2280"
"4292","3420"
"4293","3810"
"4294","2980"
"4295","2280"
"4295","3150"
"4299","740"
"4302","2710"
"4302","2870"
"4302","3010"
"4302","4140"
"4302","4910"
"4303","3870"
"4311","3400"
"4311","4260"
"4343","2710"
"4343","3020"
"4344","2540"
"4344","2560"
"4344","4400"
"4347","520"
"4347","2320"
"4357","1670"
"4357","3010"
"4357","3020"
"4359","1530"
"4364","1570"
"4364","1950"
"4364","2070"
"4368","1240"
"4368","2710"
"4368","3000"
"4368","3020"
"4376","1670"
"4376","3020"
"4379","740"
"4380","1170"
"4514","1790"
"4514","3651"
"4514","3700"
"4514","4610"
"4521","4230"
"4521","4430"
"4532","3420"
"4855","1860"
"4855","2870"
"4855","3350"
"4855","3840"
"4855","4140"
"4855","4910"
"5224","2180"
"5224","2485"
"5230","2090"
"5230","2900"
"5230","2970"
"5233","1110"
"5299","2790"
"5358","1950"
"5358","2550"
"5358","2560"
"5358","3220"
"5358","4710"
"5370","740"
"5371","740"
"5373","740"
"5512","740"
"5514","740"
"5850","700"
"5851","940"
"5851","2970"
"5868","2550"
"5868","2560"
"5894","2160"
"5894","2180"
"5924","4230"
"6124","980"
"6124","3280"
"6124","4710"
"6172","1110"
"6172","3360"
"6172","4540"
"6188","2160"
"6188","2180"
"6192","2180"
"6193","3420"
"6203","940"
"6203","3340"
"6245","2540"
"6245","2550"
"6248","940"
"6248","2970"
"6261","2900"
"6263","2540"
"6263","2550"
"6263","2560"
"6264","740"
"6266","2970"
"6281","510"
"6281","610"
"6338","980"
"6338","2900"
"6344","740"
"6347","740"
"6359","3280"
"6359","3350"
"6359","4710"
"6360","740"
"6364","3290"
"6369","740"
"6382","1110"
"6382","4230"
"6386","2900"
"6395","3810"
"6398","3120"
"6408","3420"
"6430","510"
"6431","510"
"6431","520"
"6431","580"
"6431","610"
"6431","660"
"6433","510"
"6433","520"
"6434","510"
"6434","610"
"6457","3020"
"6464","1170"
"6469","3020"
"6474","2280"
"6474","2580"
"6475","3810"
"6482","1110"
"6482","3420"
"6485","980"
"6485","2900"
"6485","2970"
"6486","980"
"6486","1530"
"6486","2970"
"6488","940"
"6491","1910"
"6493","3810"
"6494","3810"
"6498","2280"
"6498","3810"
"6501","4520"
"6520","3020"
"6523","740"
"6541","3420"
"6544","3420"
"6545","520"
"6545","612"
"6545","1090"
"6551","2900"
"6551","2970"
"6551","2980"
"6562","980"
"6562","2900"
"6562","2970"
"6566","1950"
"6566","3420"
"6584","510"
"6584","520"
"6597","3950"
"6597","3960"
"6599","2540"
"6599","2550"
"6599","2560"
"6605","3840"
"6616","660"
"6618","2540"
"6618","2550"
"6618","2560"
"6618","4400"
"6619","2820"
"6619","3050"
"6619","3850"
"6619","4490"
"6619","4640"
"6625","1670"
"6625","3020"
"6626","3110"
"6635","3110"
"6637","2040"
"6637","4140"
"6637","4680"
"6640","3010"
"6645","1670"
"6651","3840"
"6651","4140"
"6654","2330"
"6657","2550"
"6658","2550"
"6659","2550"
"6659","2560"
"6663","1860"
"6663","2820"
"6663","3050"
"6663","4140"
"6666","2540"
"6666","2570"
"6667","2540"
"6667","2550"
"6667","2560"
"6678","2180"
"6680","3160"
"6692","4230"
"6700","3840"
"6700","4490"
"6702","2540"
"6702","2550"
"6702","4140"
"6703","1000"
"6703","4520"
"6705","3810"
"6714","2010"
"6714","3400"
"6716","4010"
"6719","2280"
"6722","3420"
"6730","4710"
"6731","510"
"6731","520"
"6740","2970"
"6740","2980"
"6740","4010"
"6742","3020"
"6747","1670"
"6747","2540"
"6747","2550"
"6747","2560"
"6750","1670"
"6763","4430"
"6767","1530"
"6767","1590"
"6772","830"
"6774","740"
"6777","980"
"6781","980"
"6781","2970"
"6785","1530"
"6785","1570"
"6788","3930"
"6788","3940"
"6788","3950"
"6791","2160"
"6791","2180"
"6796","1780"
"6797","1110"
"6797","3420"
"6803","2550"
"6803","2560"
"6806","740"
"6847","830"
"6852","1530"
"6853","4230"
"6857","4520"
"6858","1670"
"6858","1740"
"6859","3090"
"6860","3020"
"6861","2280"
"6863","2390"
"6863","2990"
"6863","3800"
"6863","4670"
"6868","1280"
"6868","3090"
"6870","980"
"6870","2900"
"6870","2970"
"6870","2980"
"6877","2560"
"6883","1110"
"6883","1950"
"6883","2560"
"6883","3280"
"6884","2900"
"6884","2970"
"6888","3810"
"6889","2070"
"6894","1530"
"6894","2900"
"6894","2970"
"6894","2980"
"6896","4140"
"6907","4994"
"6922","4360"
"6923","3420"
"6929","980"
"6929","2970"
"6929","2980"
"6930","4230"
"6935","3280"
"6935","3350"
"6935","4710"
"6943","3810"
"6946","3950"
"6947","2090"
"6947","2900"
"6949","940"
"6949","2760"
"6952","2970"
"6952","2980"
"6952","3280"
"6953","770"
"6953","4360"
"6955","2900"
"6955","2980"
"6956","3810"
"6962","1110"
"6962","3420"
"6964","770"
"6964","2980"
"6966","940"
"6966","980"
"6966","2970"
"6968","980"
"6968","2900"
"6968","2970"
"6969","2970"
"6970","2970"
"6977","3810"
"6979","740"
"6980","3150"
"6981","980"
"6981","2970"
"6982","3150"
"6986","3420"
"7001","4230"
"7008","3020"
"7010","4470"
"7012","4590"
"7020","4140"
"7020","4640"
"7024","2900"
"7024","2980"
"7024","4010"
"7025","740"
"7027","3000"
"7032","2280"
"7035","1600"
"7035","1740"
"7035","1770"
"7035","2710"
"7035","2870"
"7035","3280"
"7035","3350"
"7035","4880"
"7035","4910"
"7036","3110"
"7038","2900"
"7038","2970"
"7041","1930"
"7041","3840"
"7041","4140"
"7043","3420"
"7051","740"
"7058","3020"
"7073","3420"
"7074","980"
"7074","2900"
"7075","2550"
"7079","2970"
"7079","2980"
"7081","3810"
"7113","2180"
"7137","2900"
"7137","2980"
"7140","1090"
"7140","2180"
"7140","2210"
"7146","2390"
"7146","2990"
"7146","4670"
"7148","1950"
"7149","1950"
"7149","2550"
"7149","2560"
"7149","4710"
"7150","3810"
"7152","3810"
"7154","1950"
"7154","3280"
"7160","3810"
"7164","920"
"7171","3040"
"7171","4220"
"7175","3420"
"7175","4430"
"7177","2490"
"7177","2840"
"7181","740"
"7186","860"
"7186","3810"
"7189","2280"
"7189","3120"
"7201","2550"
"7201","2560"
"7203","940"
"7203","980"
"7203","1530"
"7203","2900"
"7203","2970"
"7203","2980"
"7205","2090"
"7205","2970"
"7205","2980"
"7209","1740"
"7210","2420"
"7210","4140"
"7210","4640"
"7220","930"
"7220","1250"
"7231","3420"
"7232","2970"
"7232","2980"
"7241","580"
"7246","2070"
"7253","2900"
"7259","3150"
"7275","3070"
"7275","3400"
"7275","4994"
"7276","1530"
"7276","4380"
"7277","3810"
"7300","1530"
"7310","980"
"7310","2900"
"7310","2970"
"7337","3010"
"7340","2390"
"7340","4670"
"7344","1330"
"7344","1510"
"7350","3350"
"7351","740"
"7351","2640"
"7351","2650"
"7352","1110"
"7352","3420"
"7354","980"
"7354","2970"
"7366","980"
"7366","1530"
"7366","2900"
"7366","2970"
"7366","2980"
"7376","3100"
"7376","3110"
"7376","4967"
"7389","3110"
"7389","4070"
"7390","2540"
"7390","2550"
"7390","2560"
"7391","3810"
"7394","940"
"7394","2090"
"7394","2900"
"7394","2980"
"7398","1240"
"7398","4100"
"7402","2970"
"7402","2980"
"7404","2080"
"7404","2550"
"7404","4910"
"7405","3050"
"7405","3840"
"7406","1740"
"7409","3220"
"7409","3280"
"7412","940"
"7412","2090"
"7412","2970"
"7417","830"
"7418","1770"
"7418","4090"
"7418","4100"
"7419","3020"
"7423","2180"
"7424","1930"
"7432","1110"
"7432","2320"
"7432","3350"
"7432","4640"
"7432","4910"
"7437","2900"
"7437","2970"
"7437","4994"
"7438","980"
"7438","2970"
"7442","3420"
"7444","3000"
"7444","3020"
"7450","2540"
"7450","2550"
"7450","2560"
"7455","740"
"7457","3020"
"7458","1950"
"7458","3280"
"7462","3020"
"7466","2870"
"7466","4140"
"7466","4910"
"7467","740"
"7469","510"
"7475","740"
"7475","980"
"7475","2280"
"7475","3150"
"7476","1110"
"7476","3360"
"7476","4540"
"7480","2900"
"7480","2970"
"7480","2980"
"7485","3020"
"7486","3840"
"7497","2200"
"7498","2900"
"7499","540"
"7499","1670"
"7499","3000"
"7499","3020"
"7499","4400"
"7505","2200"
"7506","3810"
"7510","3810"
"7520","940"
"7520","3340"
"7520","3350"
"7523","1420"
"7523","2320"
"7523","4140"
"7527","3420"
"7530","2330"
"7530","2710"
"7530","3010"
"7530","4140"
"7535","2970"
"7538","1530"
"7538","1570"
"7538","1590"
"7541","2420"
"7541","4140"
"7543","2550"
"7543","4910"
"7545","2570"
"7546","980"
"7548","2330"
"7549","1690"
"7549","2450"
"7549","2600"
"7549","2610"
"7549","2620"
"7549","2650"
"7549","3310"
"7551","1530"
"7553","980"
"7553","2970"
"7554","510"
"7555","3020"
"7557","980"
"7561","870"
"7561","920"
"7569","940"
"7569","2900"
"7569","2980"
"7572","3810"
"7576","4230"
"7578","1240"
"7578","1600"
"7578","2390"
"7578","2940"
"7578","3640"
"7581","980"
"7581","2900"
"7581","2970"
"7582","980"
"7582","2900"
"7582","2970"
"7582","2980"
"7583","4520"
"7584","740"
"7585","3280"
"7585","4700"
"7590","4520"
"7591","4380"
"7592","3810"
"7594","1860"
"7595","3050"
"7595","3850"
"7602","1110"
"7602","2280"
"7605","4994"
"7619","3020"
"7628","2570"
"7630","3950"
"7635","3420"
"7638","1570"
"7638","1860"
"7638","3010"
"7638","3350"
"7662","4140"
"7673","2080"
"7673","3340"
"7679","2330"
"7679","2400"
"7679","4490"
"7679","4640"
"7681","740"
"7683","4240"
"7684","4140"
"7685","980"
"7685","2980"
"7691","3810"
"7692","740"
"7693","1860"
"7699","2210"
"7699","3050"
"7699","3850"
"7701","3810"
"7706","3950"
"7719","2550"
"7719","2560"
"7719","3340"
"7722","4140"
"7731","3950"
"7736","1570"
"7736","1950"
"7736","2070"
"7738","4380"
"7740","2900"
"7740","2970"
"7741","740"
"7743","2330"
"7743","2710"
"7743","2870"
"7743","3010"
"7743","4140"
"7760","3810"
"7764","1110"
"7764","3420"
"7769","740"
"7770","2760"
"7771","2550"
"7771","2560"
"7774","2280"
"7774","2360"
"7777","510"
"7777","570"
"7777","610"
"7777","620"
"7777","1010"
"7777","3720"
"7778","980"
"7778","4710"
"7782","2180"
"7783","4940"
"7784","740"
"7786","3950"
"7790","2980"
"7795","1090"
"7795","2180"
"7797","4230"
"7801","4994"
"7805","3810"
"7808","4520"
"7814","1240"
"7814","3020"
"7815","3420"
"7817","940"
"7817","980"
"7817","2970"
"7820","4590"
"7823","3810"
"7824","2900"
"7835","3950"
"7836","3950"
"7837","3950"
"7838","3950"
"7839","3950"
"7844","3950"
"7845","3950"
"7847","3070"
"7847","3400"
"7848","1420"
"7848","1600"
"7848","1860"
"7848","2320"
"7848","2430"
"7848","2870"
"7848","3040"
"7848","3840"
"7848","3850"
"7848","4880"
"7852","2390"
"7852","3070"
"7852","3400"
"7852","4670"
"7855","740"
"7857","510"
"7857","580"
"7857","610"
"7862","940"
"7862","2970"
"7863","4940"
"7864","1510"
"7864","3280"
"7866","1570"
"7866","3070"
"7866","3400"
"7866","4540"
"7868","2870"
"7869","1550"
"7869","1660"
"7869","3400"
"7872","2900"
"7872","2980"
"7877","3810"
"7882","2970"
"7885","980"
"7885","2900"
"7885","2970"
"7885","2980"
"7886","2320"
"7886","3010"
"7886","3160"
"7886","4140"
"7889","2370"
"7902","860"
"7903","3090"
"7904","3090"
"7904","4010"
"7926","4640"
"7933","4140"
"7935","1530"
"7936","940"
"7936","980"
"7936","2900"
"7936","2970"
"7938","2900"
"7938","2970"
"7938","2980"
"7939","3810"
"7939","4590"
"7946","3420"
"7961","1860"
"7961","2320"
"7961","2730"
"7961","3840"
"7961","4140"
"7961","4490"
"7961","4680"
"7964","3420"
"7968","1090"
"7968","2180"
"7968","2210"
"7968","3350"
"7968","3950"
"7978","740"
"7983","1530"
"7983","1570"
"7983","1590"
"7993","1570"
"7993","4010"
"8000","1530"
"8000","1570"
"8000","1590"
"8000","4380"
"8001","540"
"8001","1670"
"8001","2210"
"8001","2330"
"8001","2710"
"8015","2970"
"8015","2980"
"8015","4380"
"8023","3010"
"8031","580"
"8034","612"
"8039","540"
"8039","1670"
"8044","980"
"8044","2900"
"8044","2980"
"8047","2900"
"8050","3020"
"8065","2210"
"8067","2280"
"8070","4700"
"8082","2010"
"8082","4610"
"8088","3020"
"8090","3800"
"8090","4670"
"8095","1740"
"8096","4520"
"8102","1530"
"8102","1570"
"8102","1590"
"8111","3070"
"8111","3400"
"8111","3440"
"8111","4540"
"8245","2330"
"8292","2180"
"8299","2280"
"8302","3810"
"8302","4590"
"8308","3810"
"8315","980"
"8315","2900"
"8315","2970"
"8316","980"
"8316","1530"
"8316","2280"
"8316","2970"
"8317","980"
"8317","2970"
"8321","4010"
"8322","1420"
"8322","4140"
"8322","4640"
"8323","3810"
"8325","4520"
"8326","2970"
"8326","2980"
"8326","4380"
"8328","1570"
"8341","2540"
"8341","2550"
"8341","2560"
"8344","1740"
"8344","3340"
"8346","1530"
"8368","3150"
"8371","830"
"8372","3420"
"8378","940"
"8378","980"
"8378","1530"
"8378","2900"
"8378","2970"
"8378","2980"
"8378","3340"
"8378","4010"
"8379","3950"
"8383","2490"
"8384","2550"
"8384","2560"
"8393","3420"
"8393","3720"
"8396","4230"
"8400","4240"
"8402","1110"
"8404","1110"
"8404","3360"
"8404","4540"
"8405","2580"
"8405","3420"
"8407","2180"
"8408","3940"
"8408","3950"
"8414","1530"
"8414","1570"
"8416","980"
"8416","2900"
"8416","2970"
"8418","980"
"8418","2280"
"8419","2280"
"8420","2900"
"8420","2970"
"8422","1530"
"8426","1670"
"8426","1740"
"8427","1530"
"8427","1570"
"8427","1590"
"8428","1530"
"8428","1570"
"8428","1590"
"8431","2900"
"8441","3110"
"8443","4520"
"8444","3020"
"8445","1000"
"8445","4520"
"8447","980"
"8447","2900"
"8447","2970"
"8452","3110"
"8453","2210"
"8453","3050"
"8453","3840"
"8453","3850"
"8454","2180"
"8457","3020"
"8457","4140"
"8459","3020"
"8464","510"
"8464","2560"
"8465","3020"
"8468","940"
"8468","3340"
"8469","2320"
"8469","4640"
"8472","740"
"8473","3150"
"8480","3950"
"8482","1150"
"8482","1800"
"8482","2210"
"8482","3050"
"8482","3430"
"8482","3850"
"8484","2200"
"8484","3420"
"8485","1110"
"8485","3420"
"8486","1860"
"8486","2320"
"8486","4140"
"8488","3810"
"8490","1110"
"8494","2970"
"8496","3810"
"8506","940"
"8506","980"
"8506","1090"
"8506","1570"
"8506","2280"
"8506","2900"
"8506","2970"
"8506","2980"
"8506","3120"
"8506","3400"
"8507","3810"
"8510","2070"
"8515","3090"
"8520","4610"
"8522","720"
"8522","4290"
"8527","2280"
"8542","830"
"8543","1530"
"8543","1950"
"8545","3070"
"8545","4994"
"8546","2540"
"8546","2550"
"8551","1090"
"8551","2180"
"8552","2540"
"8552","2550"
"8554","830"
"8555","830"
"8572","740"
"8572","2650"
"8572","3310"
"8574","3280"
"8574","3350"
"8575","740"
"8578","4230"
"8579","4230"
"8581","2900"
"8581","2970"
"8583","510"
"8591","2550"
"8591","2560"
"8599","1600"
"8599","2870"
"8599","3050"
"8599","3840"
"8599","4140"
"8601","1860"
"8605","4670"
"8607","540"
"8607","1240"
"8607","1670"
"8607","3020"
"8623","3020"
"8625","1110"
"8625","2280"
"8630","3420"
"8632","3350"
"8632","4910"
"8633","3810"
"8638","700"
"8638","4430"
"8643","1530"
"8643","1570"
"8644","740"
"8647","2550"
"8648","3810"
"8650","980"
"8650","1530"
"8650","2970"
"8671","980"
"8671","2970"
"8675","3810"
"8677","740"
"8681","2900"
"8683","1420"
"8683","1860"
"8683","2320"
"8683","4140"
"8685","1240"
"8685","1510"
"8685","3280"
"8685","4090"
"8689","3020"
"8690","1420"
"8690","2320"
"8690","4140"
"8690","4470"
"8690","4640"
"8690","4680"
"8693","740"
"8694","1780"
"8695","740"
"8695","2280"
"8696","740"
"8697","740"
"8697","1780"
"8698","740"
"8699","740"
"8700","4010"
"8701","1000"
"8701","2840"
"8701","4520"
"8705","3020"
"8707","510"
"8709","2320"
"8710","510"
"8713","520"
"8715","1110"
"8716","3810"
"8717","3810"
"8718","3420"
"8719","3810"
"8720","3810"
"8723","700"
"8725","3810"
"8726","3810"
"8727","1110"
"8727","3320"
"8728","740"
"8729","4670"
"8730","1570"
"8730","1590"
"8734","740"
"8738","510"
"8739","3810"
"8741","4140"
"8741","4640"
"8743","1530"
"8744","2980"
"8749","1530"
"8751","3090"
"8754","1530"
"8754","2970"
"8756","3810"
"8759","3420"
"8760","1530"
"8765","700"
"8767","3340"
"8768","1530"
"8769","1530"
"8769","4380"
"8770","4140"
"8770","4150"
"8770","4984"
"8770","4991"
"8771","3420"
"8774","3070"
"8774","4994"
"8775","2200"
"8785","4140"
"8786","510"
"8788","2900"
"8788","2980"
"8790","2910"
"8791","4940"
"8792","2970"
"8793","2900"
"8794","2900"
"8794","2970"
"8795","1570"
"8795","1950"
"8795","2070"
"8797","2980"
"8798","2900"
"8799","2980"
"8801","2900"
"8801","2980"
"8803","4940"
"8804","940"
"8804","980"
"8804","2280"
"8804","2980"
"8807","520"
"8807","580"
"8809","2760"
"8809","2970"
"8809","2980"
"8811","2970"
"8817","2970"
"8817","2980"
"8819","1740"
"8819","3340"
"8822","980"
"8822","2900"
"8823","3950"
"8824","940"
"8824","2980"
"8825","2970"
"8825","2980"
"8825","3340"
"8827","980"
"8827","2900"
"8827","2970"
"8828","2900"
"8830","3280"
"8831","2870"
"8831","4140"
"8832","4140"
"8833","2550"
"8834","3950"
"8836","740"
"8837","2980"
"8838","2070"
"8844","1110"
"8848","3810"
"8849","3810"
"8850","740"
"8853","3420"
"8855","3420"
"8860","2540"
"8860","2570"
"8861","2070"
"8862","770"
"8862","2970"
"8863","980"
"8863","2900"
"8863","2970"
"8864","3020"
"8865","3950"
"8866","2580"
"8866","3420"
"8868","980"
"8868","1350"
"8868","4360"
"8869","4520"
"8872","2200"
"8873","1110"
"8873","3420"
"8874","3420"
"8875","1110"
"8875","3420"
"8876","3420"
"8882","940"
"8882","2900"
"8882","2970"
"8882","2980"
"8883","2900"
"8883","2980"
"8885","2970"
"8887","980"
"8887","3150"
"8887","4710"
"8888","940"
"8888","2970"
"8890","2550"
"8891","1600"
"8891","3010"
"8891","4910"
"8895","1570"
"8901","3810"
"8904","2040"
"8904","4140"
"8904","4680"
"8907","980"
"8907","2970"
"8908","1280"
"8908","3090"
"8908","3400"
"8909","4010"
"8911","1530"
"8912","4140"
"8913","1530"
"8913","1590"
"8915","3810"
"8917","4380"
"8918","3420"
"8921","4230"
"8923","4940"
"8924","1420"
"8924","1860"
"8924","2320"
"8924","4140"
"8924","4640"
"8926","1740"
"8928","4230"
"8930","940"
"8930","1110"
"8930","2280"
"8931","3420"
"8933","2970"
"8941","940"
"8941","1110"
"8941","2280"
"8941","2970"
"8941","3420"
"8943","1530"
"8943","2900"
"8943","2980"
"8944","4140"
"8947","4520"
"8948","4670"
"8950","940"
"8950","2280"
"8951","3150"
"8952","4940"
"8953","2970"
"8954","830"
"8954","940"
"8954","1110"
"8954","1950"
"8954","2070"
"8954","2280"
"8954","3150"
"8954","3340"
"8955","3810"
"8961","3420"
"8965","1530"
"8978","4140"
"8980","1860"
"8981","1860"
"8983","2680"
"8992","2320"
"8992","4140"
"8992","4640"
"8993","4640"
"8994","1860"
"8995","3840"
"8997","1420"
"8997","2710"
"8997","4140"
"8999","1730"
"8999","4640"
"8999","4910"
"9000","4140"
"9005","2550"
"9009","4360"
"9022","2540"
"9022","2550"
"9022","2560"
"9029","4640"
"9033","3840"
"9039","1420"
"9039","1860"
"9039","4140"
"9041","4984"
"9043","4140"
"9045","720"
"9046","4140"
"9046","4680"
"9052","1110"
"9052","2280"
"9053","3810"
"9055","3810"
"9056","940"
"9056","2970"
"9056","3340"
"9057","740"
"9058","3810"
"9059","3020"
"9062","980"
"9062","2970"
"9067","740"
"9068","3810"
"9070","1110"
"9070","3420"
"9072","1110"
"9072","1570"
"9077","1110"
"9077","1590"
"9077","1950"
"9077","3350"
"9077","3420"
"9079","2970"
"9080","2280"
"9082","980"
"9082","1530"
"9082","2970"
"9082","2980"
"9083","4590"
"9089","540"
"9089","3110"
"9091","1110"
"9091","3360"
"9091","4540"
"9092","3280"
"9092","3350"
"9093","1570"
"9093","1950"
"9093","3070"
"9093","3400"
"9095","4940"
"9098","3810"
"9099","3810"
"9100","2200"
"9101","2200"
"9108","3940"
"9108","3950"
"9109","1150"
"9109","2210"
"9109","2820"
"9109","3050"
"9116","2450"
"9116","3120"
"9117","2450"
"9117","3120"
"9118","980"
"9119","3810"
"9121","2970"
"9122","980"
"9122","2970"
"9128","980"
"9128","2970"
"9131","740"
"9141","1240"
"9141","3000"
"9147","4940"
"9150","3810"
"9158","3340"
"9160","3110"
"9160","3280"
"9180","3100"
"9180","3110"
"9181","540"
"9181","1730"
"9181","3110"
"9192","1530"
"9192","1570"
"9210","3280"
"9213","2540"
"9213","2550"
"9213","2560"
"9215","1110"
"9215","3420"
"9219","2540"
"9219","2550"
"9220","3420"
"9221","3090"
"9221","4010"
"9223","3810"
"9225","700"
"9225","2200"
"9227","611"
"9227","660"
"9229","740"
"9233","2280"
"9236","940"
"9236","980"
"9236","2970"
"9238","980"
"9238","2970"
"9242","2980"
"9245","3810"
"9246","740"
"9249","3280"
"9249","3350"
"9249","4940"
"9251","2970"
"9251","2980"
"9252","940"
"9252","2900"
"9252","2980"
"9253","4360"
"9254","980"
"9254","2900"
"9254","2970"
"9254","2980"
"9255","2900"
"9257","980"
"9257","2900"
"9257","2970"
"9259","3810"
"9260","2980"
"9262","2730"
"9262","4140"
"9263","740"
"9264","2970"
"9264","2980"
"9265","2980"
"9266","980"
"9266","2970"
"9267","2900"
"9267","2970"
"9268","1530"
"9268","2970"
"9268","2980"
"9270","3070"
"9270","3400"
"9275","980"
"9275","2900"
"9276","980"
"9276","2900"
"9276","2970"
"9278","2970"
"9279","3350"
"9280","3810"
"9282","2900"
"9283","980"
"9283","2900"
"9284","1110"
"9284","3360"
"9284","4540"
"9285","2900"
"9285","2970"
"9286","740"
"9289","2280"
"9290","3100"
"9290","3110"
"9291","2540"
"9294","1530"
"9294","1570"
"9294","1590"
"9294","1950"
"9295","1530"
"9295","1570"
"9295","1590"
"9295","1950"
"9296","940"
"9296","3350"
"9297","4140"
"9297","4470"
"9298","960"
"9298","4140"
"9298","4470"
"9302","2320"
"9302","4140"
"9305","1530"
"9305","1570"
"9305","1590"
"9306","1780"
"9306","4670"
"9307","3420"
"9308","1000"
"9308","4520"
"9309","510"
"9309","520"
"9310","3280"
"9310","3350"
"9310","4910"
"9315","1170"
"9316","3810"
"9321","940"
"9321","980"
"9322","940"
"9326","3810"
"9327","2200"
"9327","3420"
"9329","2550"
"9330","4940"
"9331","4520"
"9332","3810"
"9333","1530"
"9333","1570"
"9333","1590"
"9334","4940"
"9335","700"
"9335","4430"
"9336","940"
"9336","980"
"9336","2280"
"9336","2900"
"9336","2980"
"9339","3840"
"9339","4140"
"9344","2180"
"9344","3110"
"9344","3960"
"9345","1770"
"9345","2550"
"9345","4910"
"9347","980"
"9347","2280"
"9347","3280"
"9347","4240"
"9347","4710"
"9348","2960"
"9349","3400"
"9349","4610"
"9350","2960"
"9351","2970"
"9351","2980"
"9353","3810"
"9355","4590"
"9358","3020"
"9361","3050"
"9361","3840"
"9362","940"
"9362","980"
"9362","2280"
"9362","2980"
"9365","740"
"9365","2280"
"9367","2970"
"9369","2550"
"9369","3350"
"9369","3840"
"9369","4140"
"9377","2680"
"9377","4010"
"9379","2540"
"9386","2280"
"9386","3150"
"9386","4400"
"9391","540"
"9392","1420"
"9392","2320"
"9392","4140"
"9392","4680"
"9395","1110"
"9396","2210"
"9400","1730"
"9400","4640"
"9400","4910"
"9401","1600"
"9401","1740"
"9401","1770"
"9401","2710"
"9401","2870"
"9401","3280"
"9401","3350"
"9401","4880"
"9401","4910"
"9403","1090"
"9411","3070"
"9411","3400"
"9412","2550"
"9412","2560"
"9413","1950"
"9417","3810"
"9418","600"
"9418","630"
"9418","960"
"9418","4210"
"9418","4680"
"9422","1670"
"9425","3280"
"9425","4140"
"9429","4590"
"9432","2970"
"9433","4520"
"9434","4520"
"9442","3810"
"9444","1110"
"9446","1110"
"9447","4984"
"9448","3020"
"9460","4520"
"9465","2550"
"9466","3020"
"9467","2330"
"9467","4140"
"9469","720"
"9469","4290"
"9470","3810"
"9471","3110"
"9472","4140"
"9474","3020"
"9476","720"
"9477","3840"
"9478","4010"
"9480","1370"
"9480","1600"
"9491","612"
"9493","870"
"9493","1930"
"9493","2430"
"9493","4140"
"9494","3020"
"9495","2540"
"9495","2550"
"9495","2560"
"9496","1670"
"9497","1670"
"9497","3020"
"9503","4520"
"9504","1770"
"9504","2550"
"9504","2560"
"9504","4910"
"9508","2180"
"9510","540"
"9510","1670"
"9510","2540"
"9510","2550"
"9510","2560"
"9510","2710"
"9510","3020"
"9511","540"
"9511","1670"
"9511","2540"
"9511","2550"
"9511","2560"
"9511","2710"
"9511","3020"
"9515","2550"
"9520","740"
"9521","740"
"9523","1090"
"9523","2210"
"9523","3890"
"9523","3950"
"9524","1090"
"9524","2210"
"9524","3890"
"9524","3950"
"9528","540"
"9528","1670"
"9528","3020"
"9533","2970"
"9534","980"
"9534","2970"
"9543","3070"
"9543","4540"
"9543","4670"
"9544","3150"
"9546","1740"
"9546","2550"
"9546","3340"
"9551","4520"
"9552","2540"
"9554","3340"
"9555","3840"
"9556","2040"
"9556","2330"
"9556","4140"
"9559","2970"
"9560","2760"
"9560","4940"
"9560","4994"
"9561","2970"
"9561","2980"
"9562","770"
"9562","2980"
"9563","2200"
"9568","1110"
"9569","940"
"9569","1910"
"9584","980"
"9584","1110"
"9584","1950"
"9584","2280"
"9584","2550"
"9584","3420"
"9585","4230"
"9588","2180"
"9589","740"
"9590","2200"
"9594","510"
"9594","520"
"9598","1570"
"9598","1950"
"9598","2070"
"9600","3280"
"9600","3400"
"9600","4670"
"9601","1150"
"9601","2210"
"9615","4520"
"9616","740"
"9617","740"
"9621","2540"
"9621","2550"
"9621","2560"
"9629","2540"
"9629","2550"
"9629","2560"
"9629","3340"
"9631","2070"
"9634","980"
"9634","2900"
"9639","740"
"9639","980"
"9639","2280"
"9650","740"
"9651","740"
"9652","740"
"9653","4010"
"9654","740"
"9655","740"
"9661","3120"
"9662","3120"
"9663","4590"
"9664","980"
"9664","2280"
"9667","740"
"9668","3810"
"9669","3810"
"9670","740"
"9673","740"
"9674","740"
"9675","740"
"9676","980"
"9676","2900"
"9676","2970"
"9686","2900"
"9686","2970"
"9687","2970"
"9687","2980"
"9688","940"
"9688","2970"
"9689","3810"
"9692","3350"
"9692","4090"
"9692","4710"
"9692","4910"
"9694","2900"
"9696","980"
"9696","2970"
"9697","2550"
"9703","2280"
"9704","3810"
"9706","2900"
"9709","980"
"9709","2900"
"9709","2970"
"9710","3420"
"9714","2280"
"9714","4670"
"9714","4994"
"9717","1570"
"9718","1090"
"9718","2180"
"9718","2210"
"9718","3350"
"9718","3950"
"9719","3940"
"9719","3950"
"9723","3280"
"9724","3340"
"9727","3280"
"9728","850"
"9728","3030"
"9728","4610"
"9731","980"
"9731","2900"
"9731","2970"
"9732","4700"
"9734","980"
"9734","3280"
"9734","4710"
"9735","2160"
"9735","2180"
"9740","1420"
"9740","4140"
"9740","4680"
"9741","980"
"9741","2900"
"9741","2980"
"9742","2450"
"9742","3120"
"9743","1740"
"9743","3340"
"9744","1420"
"9744","4140"
"9745","4140"
"9746","1670"
"9746","1740"
"9748","3810"
"9749","3280"
"9750","980"
"9751","940"
"9751","980"
"9751","2900"
"9751","2970"
"9751","2980"
"9751","3120"
"9752","940"
"9752","980"
"9752","2900"
"9752","2970"
"9752","2980"
"9752","3120"
"9753","2280"
"9753","2970"
"9761","1530"
"9763","2980"
"9764","2980"
"9765","2970"
"9766","1530"
"9767","3810"
"9769","2360"
"9769","4020"
"9769","4590"
"9770","4140"
"9771","940"
"9771","980"
"9771","3340"
"9772","1530"
"9774","980"
"9774","2970"
"9776","4520"
"9778","2960"
"9779","2960"
"9780","940"
"9780","4010"
"9781","830"
"9781","2070"
"9781","3280"
"9783","3950"
"9784","3350"
"9785","800"
"9785","1530"
"9785","2900"
"9785","2970"
"9785","2980"
"9785","3070"
"9785","4994"
"9788","3070"
"9788","3800"
"9788","4670"
"9790","4520"
"9791","700"
"9792","4230"
"9794","980"
"9796","2390"
"9796","2990"
"9796","3800"
"9796","4670"
"9797","1530"
"9797","1590"
"9798","2080"
"9798","4360"
"9799","1090"
"9800","3070"
"9800","3400"
"9800","4540"
"9801","4230"
"9802","3810"
"9803","2970"
"9803","3340"
"9804","2970"
"9805","980"
"9805","4360"
"9806","2200"
"9806","3350"
"9806","4700"
"9808","980"
"9811","800"
"9811","4994"
"9812","4590"
"9813","4010"
"9814","3090"
"9814","4010"
"9815","1860"
"9815","2320"
"9815","2570"
"9815","4140"
"9815","4640"
"9815","4910"
"9816","980"
"9817","1600"
"9817","1670"
"9817","1740"
"9817","2550"
"9817","2870"
"9817","3340"
"9817","3430"
"9817","3840"
"9817","4140"
"9817","4910"
"9818","2420"
"9818","4090"
"9818","4140"
"9818","4640"
"9819","2320"
"9819","4140"
"9819","4640"
"9820","4910"
"9823","1420"
"9823","2320"
"9823","4140"
"9823","4640"
"9823","4680"
"9824","1860"
"9824","4140"
"9825","4520"
"9827","1110"
"9827","2280"
"9828","1110"
"9828","2280"
"9833","940"
"9833","980"
"9833","2970"
"9834","3050"
"9835","2980"
"9836","1530"
"9836","1570"
"9836","1950"
"9837","2540"
"9837","2550"
"9838","980"
"9839","2970"
"9842","980"
"9842","2970"
"9843","2900"
"9843","2970"
"9843","2980"
"9844","980"
"9844","2900"
"9844","2970"
"9845","2280"
"9846","2280"
"9846","3280"
"9847","2900"
"9847","2970"
"9849","740"
"9850","4140"
"9851","1150"
"9851","2210"
"9853","940"
"9855","2200"
"9857","2280"
"9858","2280"
"9860","4610"
"9861","2550"
"9861","2560"
"9863","2360"
"9863","3810"
"9864","980"
"9864","2900"
"9864","2970"
"9865","2970"
"9865","2980"
"9866","1530"
"9867","3810"
"9868","3810"
"9870","980"
"9873","3400"
"9873","4260"
"9875","2970"
"9877","2210"
"9877","3050"
"9877","3840"
"9880","2280"
"9881","3280"
"9882","700"
"9884","980"
"9884","2900"
"9884","2970"
"9884","3120"
"9885","1600"
"9885","2390"
"9885","3430"
"9886","740"
"9887","1780"
"9888","2900"
"9888","2980"
"9890","980"
"9890","2900"
"9891","2970"
"9893","4940"
"9894","1950"
"9897","2970"
"9897","2980"
"9898","940"
"9898","1530"
"9900","4470"
"9903","1110"
"9903","2280"
"9903","3150"
"9904","1110"
"9904","2280"
"9904","3150"
"9907","4710"
"9910","1000"
"9910","4520"
"9911","4520"
"9912","3810"
"9913","4610"
"10320","4520"
"10510","3340"
"10514","2540"
"10514","2550"
"10514","2560"
"10520","2900"
"10520","2970"
"10523","740"
"10523","1110"
"10523","3420"
"10523","4230"
"10525","3810"
"10528","740"
"10528","1950"
"10528","2900"
"10528","2970"
"10528","2980"
"10528","3280"
"10528","3950"
"10528","4540"
"10528","4610"
"10528","4640"
"10529","2550"
"10533","3840"
"10536","2710"
"10536","3010"
"10540","2320"
"10540","3050"
"10540","3840"
"10540","4140"
"10540","4640"
"10547","2540"
"10547","2550"
"10549","4140"
"10556","3020"
"10562","2540"
"10562","2550"
"10562","2560"
"10565","1420"
"10565","4140"
"10567","3810"
"10585","2870"
"10585","4910"
"10586","612"
"10587","2280"
"10588","2090"
"10589","940"
"10591","3070"
"10591","4670"
"10593","3810"
"10595","2390"
"10595","3070"
"10595","4670"
"10596","940"
"10596","4430"
"10597","3340"
"10597","3400"
"10597","4540"
"10598","1860"
"10598","4140"
"10603","1860"
"10603","2320"
"10603","4140"
"10604","3020"
"10607","2320"
"10607","2870"
"10607","4140"
"10608","3050"
"10608","3840"
"10609","1860"
"10609","4640"
"10610","2570"
"10610","3010"
"10611","4640"
"10612","4910"
"10613","4140"
"10614","2330"
"10615","2540"
"10615","2550"
"10616","4140"
"10617","4910"
"10620","1740"
"10620","2870"
"10622","1670"
"10622","3020"
"10624","1740"
"10625","3280"
"10625","4670"
"10626","2320"
"10628","4640"
"10628","4910"
"10629","1150"
"10629","2210"
"10629","3050"
"10629","3840"
"10630","1860"
"10636","1110"
"10636","3360"
"10636","4540"
"10637","2540"
"10637","2550"
"10638","3280"
"10639","2420"
"10639","2550"
"10639","2560"
"10643","720"
"10643","4290"
"10647","4520"
"10648","3420"
"10649","2280"
"10649","2360"
"10651","2900"
"10651","2970"
"10652","2970"
"10654","3810"
"10655","860"
"10655","2640"
"10655","3810"
"10655","4590"
"10658","3810"
"10664","3810"
"10668","2180"
"10668","3950"
"10668","3960"
"10671","3090"
"10678","3350"
"10678","4640"
"10680","4140"
"10682","800"
"10682","3070"
"10682","4994"
"10684","1860"
"10684","4140"
"10684","4640"
"10685","510"
"10690","940"
"10690","980"
"10692","3800"
"10694","4520"
"10696","510"
"10696","610"
"10697","1600"
"10697","4140"
"10697","4991"
"10698","1950"
"10702","720"
"10705","2550"
"10708","2980"
"10709","2320"
"10709","2570"
"10710","1090"
"10710","3350"
"10710","3950"
"10712","4230"
"10713","1860"
"10717","2200"
"10718","3420"
"10724","4700"
"10725","2280"
"10726","1150"
"10726","2210"
"10726","3050"
"10727","1600"
"10727","2080"
"10727","3280"
"10728","2390"
"10728","2990"
"10728","4670"
"10729","1110"
"10729","3420"
"10729","4430"
"10730","920"
"10730","4140"
"10733","2320"
"10733","4140"
"10734","1530"
"10735","3020"
"10737","870"
"10737","2420"
"10737","2430"
"10737","4140"
"10738","3810"
"10739","840"
"10739","2485"
"10739","3110"
"10739","3862"
"10739","4560"
"10741","1000"
"10741","4520"
"10742","3930"
"10742","3940"
"10742","3950"
"10743","3020"
"10744","980"
"10744","2900"
"10745","3420"
"10745","3720"
"10751","1420"
"10752","4140"
"10752","4470"
"10756","770"
"10756","1120"
"10756","2890"
"10756","3220"
"10756","3960"
"10756","4610"
"10757","940"
"10757","2970"
"10758","1150"
"10758","2210"
"10759","4610"
"10763","940"
"10763","1530"
"10764","930"
"10764","1250"
"10764","3420"
"10764","4430"
"10765","980"
"10765","2900"
"10766","2970"
"10766","2980"
"10770","980"
"10770","4240"
"10772","2100"
"10772","3420"
"10773","2100"
"10773","4430"
"10774","1670"
"10774","3000"
"10776","3020"
"10779","3350"
"10780","1530"
"10780","1570"
"10781","770"
"10781","2970"
"10781","2980"
"10782","2970"
"10783","3160"
"10784","2540"
"10785","2210"
"10785","3450"
"10785","4400"
"10786","980"
"10786","2970"
"10787","3930"
"10787","3940"
"10787","3950"
"10793","2970"
"10793","2980"
"10794","940"
"10794","2970"
"10794","3070"
"10794","4610"
"10794","4994"
"10795","1530"
"10795","1570"
"10799","1780"
"10803","4590"
"10805","830"
"10806","830"
"10809","3070"
"10809","3400"
"10810","510"
"10810","611"
"10812","4520"
"10815","1530"
"10815","1570"
"10815","1950"
"10816","1530"
"10816","2970"
"10816","2980"
"10817","1530"
"10818","2970"
"10819","3810"
"10820","3810"
"10827","4010"
"10830","2540"
"10830","2550"
"10832","3400"
"10833","2330"
"10837","740"
"10840","4520"
"10843","980"
"10843","2280"
"10843","2970"
"10843","3280"
"10844","1530"
"10844","1570"
"10845","1510"
"10845","3280"
"10846","3940"
"10846","3950"
"10847","3940"
"10847","3950"
"10851","2970"
"10851","2980"
"10857","2040"
"10858","1570"
"10858","3070"
"10858","3400"
"10859","3840"
"10859","4140"
"10860","3810"
"10861","740"
"10861","1170"
"10861","1780"
"10863","2160"
"10863","2180"
"10863","2485"
"10863","2560"
"10864","1570"
"10865","1260"
"10865","3050"
"10870","1000"
"10870","4520"
"10872","940"
"10872","1530"
"10872","1570"
"10873","2390"
"10873","2990"
"10873","4670"
"10878","2200"
"10882","3350"
"10882","4140"
"10882","4910"
"10885","3840"
"10885","4140"
"10885","4640"
"10886","2180"
"10886","3010"
"10887","510"
"10887","520"
"10887","570"
"10887","610"
"10888","510"
"10888","520"
"10888","1860"
"10890","4520"
"10892","2970"
"10892","2980"
"10893","3810"
"10896","940"
"10896","2970"
"10897","940"
"10897","2970"
"10898","980"
"10898","2280"
"10899","2280"
"10899","3150"
"10900","2280"
"10900","3150"
"10901","2280"
"10901","3150"
"10903","4984"
"10907","2970"
"10907","2980"
"10909","740"
"10912","3400"
"10913","2200"
"10913","3280"
"10913","4540"
"10916","2200"
"10916","4430"
"10920","3420"
"10921","510"
"10925","2100"
"10925","4430"
"10931","2100"
"10931","3420"
"10932","2100"
"10932","3420"
"10933","2100"
"10933","3420"
"10934","2100"
"10934","3420"
"10935","2100"
"10935","3420"
"10936","2100"
"10936","3420"
"10942","2100"
"10942","3420"
"10944","3420"
"10946","720"
"10949","2550"
"10951","2970"
"10952","3810"
"10953","940"
"10953","980"
"10954","4940"
"10956","3420"
"10958","1770"
"10958","2550"
"10958","3280"
"10958","3340"
"10958","3350"
"10958","4910"
"10960","1530"
"10960","2970"
"10960","2980"
"10965","510"
"10965","610"
"10981","3810"
"10982","1530"
"10982","2970"
"10982","2980"
"10984","4520"
"10986","3020"
"10987","4994"
"10990","510"
"10990","570"
"10990","610"
"10992","800"
"10992","4994"
"10993","740"
"10996","2200"
"10998","3160"
"10998","4140"
"11003","3020"
"11004","520"
"11004","570"
"11005","1420"
"11005","4140"
"11005","4680"
"11006","980"
"11009","740"
"11011","4140"
"11011","4150"
"11013","4520"
"11014","740"
"11015","2710"
"11018","4010"
"11020","2790"
"11020","2880"
"11020","3430"
"11021","850"
"11021","1330"
"11023","3110"
"11024","2210"
"11029","940"
"11029","980"
"11029","1530"
"11029","2900"
"11029","2970"
"11029","2980"
"11030","940"
"11030","980"
"11030","1530"
"11030","2900"
"11030","2970"
"11030","2980"
"11031","940"
"11031","980"
"11031","1530"
"11031","2900"
"11031","2970"
"11031","2980"
"11032","510"
"11032","520"
"11034","3050"
"11034","3840"
"11036","740"
"11037","510"
"11037","610"
"11038","740"
"11041","3070"
"11041","4994"
"11042","3940"
"11042","3950"
"11045","3420"
"11051","3420"
"11051","3720"
"11052","2540"
"11052","4400"
"11054","3110"
"11054","4070"
"11056","4140"
"11057","4520"
"11058","4520"
"11060","740"
"11060","1780"
"11071","3950"
"11074","4010"
"11085","1150"
"11085","2210"
"11085","3050"
"11087","3420"
"11090","1950"
"11091","510"
"11091","600"
"11091","4130"
"11102","4520"
"11103","740"
"11108","720"
"11108","2210"
"11108","3110"
"11112","4984"
"11122","1530"
"11122","1570"
"11122","1590"
"11123","1530"
"11123","1570"
"11123","1590"
"11125","2450"
"11125","3120"
"11127","1780"
"11131","1530"
"11131","2970"
"11132","3810"
"11134","2280"
"11138","2280"
"11139","1790"
"11139","2070"
"11140","540"
"11140","1670"
"11140","2710"
"11140","3110"
"11141","980"
"11141","2900"
"11141","2970"
"11146","1530"
"11146","1570"
"11146","1950"
"11147","4520"
"11149","2280"
"11150","3280"
"11150","4540"
"11153","4610"
"11154","540"
"11154","720"
"11154","3110"
"11154","4070"
"11156","510"
"11156","520"
"11157","2970"
"11157","4994"
"11158","4230"
"11159","2980"
"11160","2970"
"11161","980"
"11161","2980"
"11163","940"
"11163","980"
"11164","940"
"11164","980"
"11164","2970"
"11165","2970"
"11165","2980"
"11166","4940"
"11168","510"
"11168","520"
"11169","510"
"11169","520"
"11170","2100"
"11170","3420"
"11171","1110"
"11171","3420"
"11171","4430"
"11172","1530"
"11174","1780"
"11176","1530"
"11176","1570"
"11176","1590"
"11176","4380"
"11177","3810"
"11178","1530"
"11179","1530"
"11180","980"
"11180","2900"
"11180","2970"
"11185","980"
"11185","2280"
"11187","980"
"11187","2900"
"11187","2970"
"11187","2980"
"11188","4994"
"11189","940"
"11190","510"
"11190","610"
"11191","740"
"11192","1530"
"11192","2900"
"11194","3280"
"11195","2870"
"11196","3020"
"11197","1570"
"11199","2550"
"11200","980"
"11200","2900"
"11200","2970"
"11201","3810"
"11202","2550"
"11202","2560"
"11203","1530"
"11203","1570"
"11203","1590"
"11204","940"
"11205","2280"
"11208","4140"
"11210","1530"
"11210","1570"
"11210","1590"
"11212","980"
"11212","1530"
"11212","4710"
"11215","3420"
"11216","4140"
"11217","4140"
"11219","1740"
"11220","980"
"11220","2900"
"11220","2970"
"11222","1530"
"11224","4940"
"11225","2200"
"11226","2200"
"11227","3070"
"11227","3400"
"11228","3070"
"11228","3400"
"11229","2550"
"11229","2560"
"11231","3420"
"11232","2870"
"11232","3840"
"11232","4140"
"11233","3840"
"11233","4140"
"11234","3810"
"11235","940"
"11235","2970"
"11239","980"
"11239","2900"
"11239","2970"
"11240","3810"
"11241","2900"
"11241","2970"
"11241","2980"
"11242","1600"
"11242","2320"
"11242","2870"
"11242","3040"
"11242","3160"
"11242","4140"
"11242","4220"
"11244","510"
"11245","1950"
"11245","2180"
"11246","1860"
"11247","1090"
"11247","2570"
"11249","630"
"11249","1120"
"11249","2370"
"11249","3040"
"11249","3850"
"11249","4180"
"11249","4530"
"11250","2280"
"11250","2360"
"11250","3810"
"11251","940"
"11252","980"
"11252","2900"
"11253","980"
"11253","2900"
"11253","2970"
"11254","980"
"11254","1110"
"11254","2280"
"11255","980"
"11255","1530"
"11255","2970"
"11256","2970"
"11257","2970"
"11258","1530"
"11258","1570"
"11259","3280"
"11259","4710"
"11260","2970"
"11261","980"
"11261","1530"
"11261","2970"
"11262","980"
"11262","2970"
"11263","980"
"11263","2970"
"11263","2980"
"11264","2970"
"11265","1530"
"11265","2970"
"11265","4994"
"11266","2280"
"11267","1110"
"11267","3360"
"11267","4540"
"11269","980"
"11269","1600"
"11269","3280"
"11270","980"
"11270","2900"
"11270","2970"
"11271","2280"
"11271","3810"
"11272","2970"
"11272","2980"
"11274","940"
"11276","1530"
"11277","3420"
"11277","3720"
"11278","980"
"11278","2970"
"11280","3810"
"11281","2970"
"11281","2980"
"11282","2970"
"11283","2900"
"11284","2900"
"11285","540"
"11285","1670"
"11285","3000"
"11285","3020"
"11285","4400"
"11286","700"
"11289","980"
"11289","2900"
"11289","2970"
"11289","2980"
"11290","940"
"11290","1110"
"11290","1950"
"11290","2280"
"11290","3350"
"11290","3420"
"11290","4640"
"11291","980"
"11291","2970"
"11291","2980"
"11292","870"
"11292","4220"
"11293","1530"
"11293","1570"
"11295","2180"
"11297","2970"
"11297","4994"
"11298","980"
"11298","2970"
"11299","3420"
"11302","1530"
"11302","2970"
"11302","2980"
"11303","980"
"11304","1530"
"11304","2900"
"11304","2970"
"11304","2980"
"11305","2970"
"11305","2980"
"11307","4010"
"11310","3420"
"11312","3020"
"11318","3070"
"11318","3400"
"11318","3440"
"11318","4540"
"11322","980"
"11322","1530"
"11322","2900"
"11322","2970"
"11322","2980"
"11324","740"
"11326","4994"
"11327","1280"
"11327","2680"
"11330","980"
"11330","2900"
"11330","4710"
"11331","1530"
"11332","980"
"11332","2970"
"11335","4590"
"11338","800"
"11338","4994"
"11339","2600"
"11339","2650"
"11341","3810"
"11342","3810"
"11343","870"
"11343","920"
"11343","3040"
"11343","4470"
"11344","740"
"11346","2330"
"11346","4140"
"11348","740"
"11349","3280"
"11350","3810"
"11351","2320"
"11351","2870"
"11351","3010"
"11351","3840"
"11351","4140"
"11351","4910"
"11353","2200"
"11358","2200"
"11359","2360"
"11359","3810"
"11363","3420"
"11366","3070"
"11366","3280"
"11366","4670"
"11368","2160"
"11368","2180"
"11370","1950"
"11370","2070"
"11371","740"
"11378","2070"
"11379","3810"
"11380","3810"
"11382","740"
"11387","940"
"11387","2280"
"11388","940"
"11388","2280"
"11390","1530"
"11390","1570"
"11391","2680"
"11395","2280"
"11397","740"
"11397","2280"
"11398","3350"
"11400","1530"
"11402","3420"
"11403","4010"
"11406","1120"
"11406","3040"
"11406","3810"
"11406","4530"
"11407","4590"
"11408","3420"
"11409","980"
"11409","2900"
"11409","2970"
"11411","4520"
"11415","3810"
"11419","4230"
"11422","4230"
"11423","4230"
"11424","3420"
"11424","4630"
"11426","720"
"11429","1530"
"11430","611"
"11430","660"
"11431","3040"
"11431","4140"
"11431","4984"
"11439","2540"
"11439","2550"
"11439","2560"
"11442","1420"
"11442","1860"
"11442","2320"
"11442","4140"
"11445","3810"
"11446","740"
"11447","3810"
"11448","3810"
"11449","4590"
"11450","4984"
"11451","1570"
"11451","3070"
"11451","3280"
"11451","3400"
"11452","2280"
"11456","3420"
"11457","4140"
"11457","4220"
"11459","3420"
"11477","1570"
"11477","3070"
"11477","3400"
"11477","4540"
"11480","3810"
"11486","2540"
"11488","3810"
"11489","3810"
"11498","2200"
"11498","3420"
"11500","4230"
"11500","4430"
"11502","3950"
"11503","1930"
"11503","2080"
"11503","3280"
"11503","3730"
"11505","3420"
"11506","3420"
"11510","2870"
"11511","2420"
"11511","2570"
"11512","3020"
"11513","980"
"11513","2900"
"11513","2970"
"11520","2540"
"11520","2550"
"11522","1600"
"11522","3040"
"11522","3430"
"11522","4220"
"11523","1530"
"11523","1570"
"11523","2550"
"11523","2560"
"11523","3350"
"11524","3350"
"11532","1570"
"11533","4520"
"11535","3810"
"11537","920"
"11537","4140"
"11539","1770"
"11539","3840"
"11540","3020"
"11541","3420"
"11541","4700"
"11542","1570"
"11542","3070"
"11542","3280"
"11542","4670"
"11543","510"
"11545","4140"
"11546","2420"
"11546","4140"
"11547","1170"
"11547","1780"
"11548","1780"
"11552","2550"
"11552","2560"
"11553","2200"
"11553","3500"
"11553","4630"
"11555","2450"
"11555","2600"
"11555","3120"
"11556","4140"
"11556","4150"
"11556","4470"
"11558","4940"
"11559","720"
"11562","1110"
"11562","1260"
"11562","1420"
"11562","2320"
"11562","3050"
"11562","3840"
"11562","4140"
"11562","4640"
"11562","4910"
"11563","830"
"11564","3020"
"11568","3810"
"11571","740"
"11572","2550"
"11575","3420"
"11578","1860"
"11578","4140"
"11578","4640"
"11579","2870"
"11583","1240"
"11583","1600"
"11584","1090"
"11584","3950"
"11584","3960"
"11585","700"
"11587","1530"
"11587","2970"
"11587","2980"
"11590","2550"
"11594","4910"
"11595","2540"
"11595","2550"
"11596","1770"
"11596","3050"
"11596","3840"
"11596","4910"
"11597","2330"
"11597","4200"
"11598","2540"
"11600","540"
"11600","1670"
"11601","2540"
"11601","2550"
"11601","2560"
"11602","1600"
"11602","4140"
"11602","4220"
"11604","4140"
"11604","4680"
"11608","3810"
"11609","740"
"11611","920"
"11611","1930"
"11611","4140"
"11613","2870"
"11613","3010"
"11613","4140"
"11615","1600"
"11615","4984"
"11617","1930"
"11617","2080"
"11617","4140"
"11618","4590"
"11620","1260"
"11620","1420"
"11620","1860"
"11620","2320"
"11620","3050"
"11620","3840"
"11620","3850"
"11620","4140"
"11625","960"
"11641","940"
"11641","2970"
"11643","2330"
"11644","3020"
"11645","2210"
"11647","4590"
"11648","3810"
"11650","1780"
"11651","2550"
"11654","2200"
"11655","2200"
"11660","4710"
"11660","4940"
"11661","510"
"11661","520"
"11661","610"
"11661","611"
"11661","612"
"11661","660"
"11663","2320"
"11663","4140"
"11663","4640"
"11665","510"
"11668","3420"
"11669","3070"
"11669","3400"
"11670","760"
"11670","800"
"11670","4994"
"11672","3350"
"11672","3440"
"11673","3840"
"11674","2550"
"11676","510"
"11677","2540"
"11677","2550"
"11681","3020"
"11686","3420"
"11690","3420"
"11692","3020"
"11694","510"
"11694","520"
"11695","3110"
"11699","3420"
"11700","2550"
"11702","4140"
"11704","2280"
"11704","2360"
"11704","3150"
"11705","720"
"11705","810"
"11708","540"
"11708","1670"
"11709","720"
"11709","810"
"11710","2160"
"11710","2180"
"11711","2200"
"11712","4984"
"11713","2200"
"11714","2200"
"11714","3420"
"11716","2200"
"11716","4630"
"11718","2280"
"11719","980"
"11719","2970"
"11720","980"
"11720","2900"
"11720","2970"
"11722","4984"
"11725","1600"
"11725","3430"
"11727","3020"
"11729","3070"
"11729","3400"
"11729","4260"
"11730","3070"
"11730","3280"
"11734","3810"
"11735","4994"
"11737","4590"
"11740","4140"
"11741","1740"
"11742","2970"
"11742","3280"
"11742","3340"
"11742","3350"
"11742","4710"
"11743","1110"
"11743","2280"
"11743","3150"
"11751","3070"
"11751","4670"
"11752","2390"
"11752","4670"
"11753","3280"
"11753","4670"
"11754","3070"
"11754","4670"
"11755","3070"
"11755","3400"
"11755","4670"
"11755","4994"
"11756","4930"
"11757","4940"
"11758","4940"
"11766","640"
"11766","4520"
"11767","2210"
"11768","3950"
"11776","4610"
"11777","4610"
"11778","3400"
"11778","4610"
"11779","4610"
"11781","2320"
"11781","4140"
"11785","2610"
"11785","3810"
"11786","2200"
"11786","3720"
"11787","2200"
"11787","3720"
"11789","2280"
"11790","4610"
"11794","4520"
"11796","4630"
"11797","2900"
"11797","2970"
"11797","2980"
"11800","2730"
"11800","4490"
"11801","3810"
"11803","3070"
"11803","3400"
"11804","2180"
"11804","3950"
"11805","3810"
"11807","3810"
"11809","980"
"11809","2900"
"11809","2970"
"11810","2680"
"11811","1000"
"11811","4520"
"11813","2540"
"11813","2550"
"11813","2570"
"11814","510"
"11814","660"
"11815","510"
"11815","660"
"11817","720"
"11817","3110"
"11820","2370"
"11820","3420"
"11820","3720"
"11821","1670"
"11821","1740"
"11822","3020"
"11823","3810"
"11825","3810"
"11828","980"
"11828","2970"
"11828","2980"
"11830","1420"
"11830","1860"
"11830","2320"
"11830","3040"
"11830","4140"
"11831","510"
"11831","520"
"11831","610"
"11831","660"
"11832","4140"
"11835","3810"
"11836","1420"
"11836","2320"
"11836","4640"
"11837","1150"
"11837","1260"
"11837","1860"
"11837","2210"
"11837","2320"
"11837","3050"
"11837","3840"
"11837","4140"
"11838","1250"
"11838","3420"
"11838","4700"
"11839","4700"
"11840","4700"
"11841","4700"
"11842","3810"
"11843","2200"
"11843","3720"
"11844","1780"
"11847","1090"
"11847","4640"
"11853","3340"
"11858","3810"
"11859","3810"
"11861","3420"
"11863","1570"
"11863","4010"
"11864","1670"
"11865","3020"
"11867","1780"
"11867","4670"
"11869","2320"
"11869","4640"
"11871","4640"
"11871","4910"
"11874","2280"
"11877","2200"
"11878","1530"
"11878","1570"
"11882","740"
"11886","2550"
"11894","4610"
"11896","2180"
"11896","3950"
"11897","3420"
"11898","4520"
"11908","2970"
"11908","2980"
"11909","2900"
"11910","1740"
"11910","1770"
"11910","2080"
"11910","2550"
"11910","3280"
"11910","3340"
"11910","3350"
"11911","1110"
"11911","1530"
"11911","2280"
"11913","4140"
"11914","4140"
"11914","4680"
"11915","2550"
"11916","2550"
"11917","1090"
"11918","2210"
"11918","3050"
"11918","3840"
"11919","4710"
"11919","4910"
"11920","1530"
"11920","2900"
"11920","2970"
"11920","2980"
"11923","940"
"11923","1530"
"11923","2970"
"11927","1600"
"11927","1740"
"11927","1770"
"11927","2710"
"11927","2870"
"11927","3280"
"11927","3350"
"11927","4880"
"11927","4910"
"11928","2550"
"11928","2560"
"11929","800"
"11929","4994"
"11930","740"
"11931","4140"
"11933","510"
"11934","4670"
"11935","4670"
"11936","2320"
"11936","4140"
"11937","4590"
"11938","1600"
"11938","2390"
"11938","3430"
"11940","4994"
"11941","2370"
"11941","3420"
"11941","3500"
"11941","3720"
"11941","4430"
"11942","1110"
"11942","4430"
"11959","3940"
"11959","3950"
"11960","2970"
"11961","1530"
"11961","2970"
"11963","520"
"11974","740"
"11979","2280"
"11979","3810"
"11984","2550"
"11985","1110"
"11990","2550"
"11993","3810"
"11994","3810"
"11996","980"
"11996","2900"
"11996","2970"
"11996","2980"
"11997","3070"
"11997","3400"
"11998","980"
"11998","2280"
"11998","2900"
"11998","2970"
"11998","3280"
"11998","4940"
"12004","2450"
"12004","3120"
"12005","2450"
"12005","3120"
"12009","700"
"12011","2540"
"12011","2550"
"12013","2970"
"12021","4520"
"12022","1600"
"12022","4140"
"12023","3420"
"12025","1670"
"12026","1570"
"12026","4985"
"12028","3150"
"12029","510"
"12031","2160"
"12031","2180"
"12031","3950"
"12032","3420"
"12033","510"
"12033","520"
"12034","3420"
"12035","940"
"12035","980"
"12036","940"
"12037","4994"
"12038","3810"
"12040","1780"
"12043","3420"
"12045","4520"
"12046","2970"
"12047","2970"
"12048","3810"
"12050","3810"
"12053","3420"
"12054","700"
"12055","2090"
"12061","3420"
"12064","580"
"12064","600"
"12065","2540"
"12065","2550"
"12065","2560"
"12070","3050"
"12070","3840"
"12070","4140"
"12070","4910"
"12071","1530"
"12075","3400"
"12075","4610"
"12076","510"
"12076","520"
"12076","610"
"12078","3420"
"12079","1740"
"12079","3340"
"12080","980"
"12080","2280"
"12081","4610"
"12082","510"
"12083","580"
"12085","1600"
"12085","3210"
"12085","4140"
"12086","1600"
"12086","3210"
"12086","4140"
"12087","1530"
"12087","1570"
"12087","1590"
"12088","740"
"12089","740"
"12092","1530"
"12096","1950"
"12096","3651"
"12096","4340"
"12099","4520"
"12102","3070"
"12102","3400"
"12102","4540"
"12103","3400"
"12103","4540"
"12104","510"
"12104","520"
"12111","1780"
"12113","4520"
"12114","1110"
"12115","2980"
"12116","980"
"12116","2900"
"12116","2970"
"12117","3110"
"12121","4140"
"12122","2450"
"12122","3120"
"12123","3810"
"12124","2420"
"12124","4140"
"12125","540"
"12125","1670"
"12125","3020"
"12129","1600"
"12129","3430"
"12129","4220"
"12130","940"
"12130","980"
"12130","1530"
"12130","2900"
"12130","2970"
"12130","2980"
"12132","2330"
"12132","4200"
"12134","1280"
"12134","1350"
"12134","3340"
"12134","3470"
"12135","1530"
"12135","2970"
"12135","2980"
"12137","770"
"12137","980"
"12137","2900"
"12137","2970"
"12138","1530"
"12139","2970"
"12140","2970"
"12141","980"
"12141","2900"
"12141","2970"
"12142","2970"
"12143","980"
"12143","2900"
"12143","2970"
"12144","2900"
"12144","2980"
"12146","860"
"12146","3810"
"12146","4020"
"12147","1530"
"12147","1570"
"12147","1590"
"12148","1280"
"12148","2680"
"12149","2550"
"12150","1600"
"12150","2210"
"12150","2870"
"12150","3010"
"12150","4984"
"12155","4520"
"12156","2360"
"12156","4610"
"12158","3020"
"12160","2200"
"12163","740"
"12164","3020"
"12167","540"
"12167","1670"
"12167","3000"
"12167","3020"
"12167","4400"
"12168","540"
"12168","1670"
"12168","3000"
"12168","3020"
"12168","4400"
"12172","4140"
"12173","1090"
"12173","2540"
"12173","2550"
"12174","612"
"12174","4070"
"12176","3000"
"12176","3020"
"12181","510"
"12182","3400"
"12182","4610"
"12186","3400"
"12186","4610"
"12188","1600"
"12190","1110"
"12190","2280"
"12190","3350"
"12191","2330"
"12194","2970"
"12196","940"
"12199","2900"
"12201","3110"
"12203","1600"
"12203","2390"
"12203","3070"
"12203","3280"
"12203","4670"
"12205","2550"
"12206","2920"
"12206","4520"
"12207","3840"
"12208","2200"
"12209","3810"
"12215","2330"
"12215","2710"
"12215","2870"
"12215","3010"
"12215","4140"
"12218","2490"
"12221","1530"
"12221","1570"
"12221","1590"
"12224","2490"
"12226","4520"
"12227","3340"
"12230","980"
"12230","2970"
"12230","2980"
"12232","850"
"12232","1120"
"12233","3840"
"12233","4490"
"12234","1600"
"12234","2540"
"12234","2550"
"12234","2560"
"12235","510"
"12235","520"
"12236","1670"
"12237","2550"
"12237","2560"
"12238","3110"
"12239","3420"
"12240","3420"
"12241","4994"
"12242","3810"
"12243","2970"
"12244","4590"
"12246","3280"
"12249","980"
"12249","2280"
"12249","3810"
"12251","980"
"12251","2900"
"12251","2970"
"12251","2980"
"12252","2200"
"12252","3720"
"12254","2540"
"12254","2550"
"12254","2560"
"12262","4994"
"12264","3070"
"12264","4994"
"12266","980"
"12266","2090"
"12266","2760"
"12266","2970"
"12268","4590"
"12271","2540"
"12271","2550"
"12271","2560"
"12272","2900"
"12274","980"
"12274","2280"
"12274","2970"
"12274","3280"
"12275","1240"
"12275","3020"
"12276","3840"
"12276","3850"
"12277","2980"
"12280","2210"
"12280","3050"
"12280","3850"
"12281","3950"
"12282","3950"
"12283","3950"
"12284","3070"
"12284","4994"
"12285","3950"
"12285","3960"
"12286","3950"
"12286","3960"
"12287","2550"
"12287","2560"
"12287","3840"
"12288","3810"
"12289","1570"
"12289","3070"
"12289","4994"
"12290","4930"
"12290","4940"
"12291","4520"
"12292","2540"
"12293","980"
"12293","2900"
"12293","2980"
"12294","980"
"12294","2900"
"12294","2980"
"12295","980"
"12295","2970"
"12296","940"
"12296","1530"
"12296","4010"
"12297","2980"
"12298","2980"
"12299","1530"
"12299","2970"
"12299","2980"
"12300","980"
"12300","2970"
"12300","2980"
"12300","3120"
"12301","980"
"12301","2970"
"12302","980"
"12302","2970"
"12303","940"
"12307","3400"
"12307","4610"
"12308","3110"
"12308","4210"
"12309","3050"
"12309","3840"
"12310","870"
"12310","2420"
"12311","3810"
"12312","3810"
"12313","3420"
"12314","940"
"12314","3340"
"12315","4380"
"12316","940"
"12317","3420"
"12318","3400"
"12318","4260"
"12319","2160"
"12319","2180"
"12319","3950"
"12320","4010"
"12321","980"
"12321","2900"
"12321","2970"
"12321","2980"
"12322","980"
"12322","2900"
"12322","2970"
"12322","2980"
"12323","2900"
"12323","2980"
"12324","980"
"12324","1530"
"12324","1570"
"12324","2970"
"12324","2980"
"12325","1780"
"12327","4360"
"12328","980"
"12328","2970"
"12328","3340"
"12329","980"
"12329","2970"
"12329","3150"
"12330","940"
"12330","980"
"12330","2900"
"12330","2980"
"12331","980"
"12331","2970"
"12332","940"
"12332","980"
"12332","2970"
"12334","1530"
"12335","980"
"12335","1530"
"12335","2900"
"12335","2970"
"12335","2980"
"12336","980"
"12336","2980"
"12337","4360"
"12338","980"
"12338","2970"
"12339","940"
"12339","1110"
"12339","2280"
"12339","2970"
"12340","4994"
"12341","980"
"12341","2280"
"12342","2900"
"12342","2970"
"12343","510"
"12344","980"
"12344","2900"
"12346","510"
"12348","740"
"12349","740"
"12350","2900"
"12351","2200"
"12352","1090"
"12352","3350"
"12353","1530"
"12354","3350"
"12356","1530"
"12357","1530"
"12358","980"
"12358","2980"
"12359","3070"
"12359","4994"
"12360","1530"
"12361","3340"
"12361","4994"
"12362","4520"
"12363","960"
"12363","4140"
"12364","3280"
"12364","4710"
"12364","4910"
"12365","3340"
"12366","3070"
"12366","3400"
"12366","4994"
"12367","3070"
"12367","3810"
"12368","4670"
"12369","1530"
"12370","1530"
"12371","3810"
"12372","980"
"12372","2970"
"12373","1530"
"12374","3400"
"12375","2200"
"12376","940"
"12376","980"
"12376","1530"
"12376","2970"
"12377","3070"
"12377","3280"
"12377","4540"
"12377","4994"
"12378","2550"
"12378","3280"
"12378","3350"
"12378","4910"
"12379","3950"
"12379","3960"
"12380","2540"
"12380","2550"
"12380","2560"
"12381","2540"
"12381","2550"
"12381","2560"
"12382","3400"
"12383","1600"
"12383","4910"
"12384","1770"
"12384","2550"
"12384","4910"
"12385","3400"
"12386","2200"
"12388","1740"
"12389","1530"
"12389","1570"
"12389","1590"
"12390","770"
"12390","940"
"12390","2970"
"12391","4520"
"12392","3420"
"12392","3720"
"12394","1860"
"12394","2320"
"12394","4140"
"12394","4680"
"12399","3810"
"12400","3420"
"12400","3720"
"12402","3400"
"12403","740"
"12408","1090"
"12408","3950"
"12409","2920"
"12409","4520"
"12410","3050"
"12410","3840"
"12411","3040"
"12411","4140"
"12412","1930"
"12412","2040"
"12412","4140"
"12414","4520"
"12416","740"
"12419","2390"
"12419","2990"
"12419","3800"
"12419","4670"
"12420","4520"
"12421","1530"
"12422","2680"
"12422","4010"
"12423","1090"
"12426","740"
"12428","3110"
"12430","4140"
"12433","4520"
"12435","2540"
"12435","2550"
"12435","2560"
"12436","1260"
"12436","3050"
"12437","3020"
"12440","2320"
"12440","4140"
"12441","2320"
"12441","4140"
"12443","3840"
"12444","2040"
"12447","4140"
"12448","4140"
"12450","1600"
"12452","4140"
"12453","1600"
"12453","3040"
"12453","3210"
"12455","1670"
"12455","1740"
"12456","1600"
"12456","3040"
"12456","3430"
"12456","4220"
"12458","1570"
"12458","4010"
"12459","1600"
"12464","720"
"12464","1000"
"12464","2180"
"12466","2420"
"12466","4140"
"12467","2420"
"12467","4140"
"12468","4910"
"12469","1930"
"12469","2320"
"12469","3840"
"12469","4140"
"12471","3810"
"12472","2200"
"12472","4630"
"12473","2200"
"12473","4630"
"12475","2970"
"12476","980"
"12476","2970"
"12477","3810"
"12478","2970"
"12479","2200"
"12479","3420"
"12480","3810"
"12481","980"
"12481","2900"
"12481","2970"
"12483","740"
"12484","2320"
"12484","3040"
"12484","3530"
"12484","4140"
"12486","4140"
"12487","1860"
"12488","2540"
"12488","2550"
"12488","2560"
